repeat,fold,subject,y,p_AD,p_CN,p_FTD,n_epochs,params
0,0,sub-012,0,0.01861,0.85764,0.12375,152,"{""spectral_lr"": {""C"": 0.01}, ""riemann_ts_lr"": {""C"": 0.01}, ""all_lgbm"": {""num_leaves"": 7, ""n_estimators"": 200}}"
0,0,sub-013,0,0.61347,0.00310,0.38343,151,"{""spectral_lr"": {""C"": 0.01}, ""riemann_ts_lr"": {""C"": 0.01}, ""all_lgbm"": {""num_leaves"": 7, ""n_estimators"": 200}}"
0,0,sub-021,0,0.77646,0.14151,0.08203,156,"{""spectral_lr"": {""C"": 0.01}, ""riemann_ts_lr"": {""C"": 0.01}, ""all_lgbm"": {""num_leaves"": 7, ""n_estimators"": 200}}"
0,0,sub-022,0,0.71139,0.01307,0.27554,146,"{""spectral_lr"": {""C"": 0.01}, ""riemann_ts_lr"": {""C"": 0.01}, ""all_lgbm"": {""num_leaves"": 7, ""n_estimators"": 200}}"
0,0,sub-025,0,0.00860,0.72668,0.26472,106,"{""spectral_lr"": {""C"": 0.01}, ""riemann_ts_lr"": {""C"": 0.01}, ""all_lgbm"": {""num_leaves"": 7, ""n_estimators"": 200}}"
0,0,sub-027,0,0.94232,0.00077,0.05691,145,"{""spectral_lr"": {""C"": 0.01}, ""riemann_ts_lr"": {""C"": 0.01}, ""all_lgbm"": {""num_leaves"": 7, ""n_estimators"": 200}}"
0,0,sub-035,0,0.77263,0.00576,0.22161,109,"{""spectral_lr"": {""C"": 0.01}, ""riemann_ts_lr"": {""C"": 0.01}, ""all_lgbm"": {""num_leaves"": 7, ""n_estimators"": 200}}"
0,0,sub-036,0,0.27507,0.68469,0.04025,143,"{""spectral_lr"": {""C"": 0.01}, ""riemann_ts_lr"": {""C"": 0.01}, ""all_lgbm"": {""num_leaves"": 7, ""n_estimators"": 200}}"
0,0,sub-053,1,0.24742,0.25911,0.49347,106,"{""spectral_lr"": {""C"": 0.01}, ""riemann_ts_lr"": {""C"": 0.01}, ""all_lgbm"": {""num_leaves"": 7, ""n_estimators"": 200}}"
0,0,sub-057,1,0.24174,0.70940,0.04886,146,"{""spectral_lr"": {""C"": 0.01}, ""riemann_ts_lr"": {""C"": 0.01}, ""all_lgbm"": {""num_leaves"": 7, ""n_estimators"": 200}}"
0,0,sub-058,1,0.00420,0.94126,0.05453,123,"{""spectral_lr"": {""C"": 0.01}, ""riemann_ts_lr"": {""C"": 0.01}, ""all_lgbm"": {""num_leaves"": 7, ""n_estimators"": 200}}"
0,0,sub-059,1,0.19994,0.63739,0.16267,141,"{""spectral_lr"": {""C"": 0.01}, ""riemann_ts_lr"": {""C"": 0.01}, ""all_lgbm"": {""num_leaves"": 7, ""n_estimators"": 200}}"
0,0,sub-061,1,0.54476,0.04232,0.41292,130,"{""spectral_lr"": {""C"": 0.01}, ""riemann_ts_lr"": {""C"": 0.01}, ""all_lgbm"": {""num_leaves"": 7, ""n_estimators"": 200}}"
0,0,sub-074,2,0.07790,0.11642,0.80567,165,"{""spectral_lr"": {""C"": 0.01}, ""riemann_ts_lr"": {""C"": 0.01}, ""all_lgbm"": {""num_leaves"": 7, ""n_estimators"": 200}}"
0,0,sub-080,2,0.04302,0.95576,0.00122,151,"{""spectral_lr"": {""C"": 0.01}, ""riemann_ts_lr"": {""C"": 0.01}, ""all_lgbm"": {""num_leaves"": 7, ""n_estimators"": 200}}"
0,0,sub-083,2,0.03561,0.00239,0.96200,158,"{""spectral_lr"": {""C"": 0.01}, ""riemann_ts_lr"": {""C"": 0.01}, ""all_lgbm"": {""num_leaves"": 7, ""n_estimators"": 200}}"
0,0,sub-084,2,0.89958,0.00728,0.09315,117,"{""spectral_lr"": {""C"": 0.01}, ""riemann_ts_lr"": {""C"": 0.01}, ""all_lgbm"": {""num_leaves"": 7, ""n_estimators"": 200}}"
0,0,sub-086,2,0.01735,0.73547,0.24719,40,"{""spectral_lr"": {""C"": 0.01}, ""riemann_ts_lr"": {""C"": 0.01}, ""all_lgbm"": {""num_leaves"": 7, ""n_estimators"": 200}}"
0,1,sub-002,0,0.38162,0.18528,0.43310,139,"{""spectral_lr"": {""C"": 0.001}, ""riemann_ts_lr"": {""C"": 0.0001}, ""all_lgbm"": {""num_leaves"": 15, ""n_estimators"": 400, ""learning_rate"": 0.03}}"
0,1,sub-003,0,0.35149,0.26085,0.38766,47,"{""spectral_lr"": {""C"": 0.001}, ""riemann_ts_lr"": {""C"": 0.0001}, ""all_lgbm"": {""num_leaves"": 15, ""n_estimators"": 400, ""learning_rate"": 0.03}}"
0,1,sub-004,0,0.74915,0.00776,0.24309,120,"{""spectral_lr"": {""C"": 0.001}, ""riemann_ts_lr"": {""C"": 0.0001}, ""all_lgbm"": {""num_leaves"": 15, ""n_estimators"": 400, ""learning_rate"": 0.03}}"
0,1,sub-006,0,0.05180,0.83130,0.11690,106,"{""spectral_lr"": {""C"": 0.001}, ""riemann_ts_lr"": {""C"": 0.0001}, ""all_lgbm"": {""num_leaves"": 15, ""n_estimators"": 400, ""learning_rate"": 0.03}}"
0,1,sub-014,0,0.93291,0.00830,0.05879,157,"{""spectral_lr"": {""C"": 0.001}, ""riemann_ts_lr"": {""C"": 0.0001}, ""all_lgbm"": {""num_leaves"": 15, ""n_estimators"": 400, ""learning_rate"": 0.03}}"
0,1,sub-026,0,0.93349,0.02585,0.04065,138,"{""spectral_lr"": {""C"": 0.001}, ""riemann_ts_lr"": {""C"": 0.0001}, ""all_lgbm"": {""num_leaves"": 15, ""n_estimators"": 400, ""learning_rate"": 0.03}}"
0,1,sub-033,0,0.26601,0.25221,0.48178,128,"{""spectral_lr"": {""C"": 0.001}, ""riemann_ts_lr"": {""C"": 0.0001}, ""all_lgbm"": {""num_leaves"": 15, ""n_estimators"": 400, ""learning_rate"": 0.03}}"
0,1,sub-043,1,0.16098,0.42359,0.41544,152,"{""spectral_lr"": {""C"": 0.001}, ""riemann_ts_lr"": {""C"": 0.0001}, ""all_lgbm"": {""num_leaves"": 15, ""n_estimators"": 400, ""learning_rate"": 0.03}}"
0,1,sub-047,1,0.07907,0.80307,0.11786,145,"{""spectral_lr"": {""C"": 0.001}, ""riemann_ts_lr"": {""C"": 0.0001}, ""all_lgbm"": {""num_leaves"": 15, ""n_estimators"": 400, ""learning_rate"": 0.03}}"
0,1,sub-050,1,0.31155,0.43430,0.25416,141,"{""spectral_lr"": {""C"": 0.001}, ""riemann_ts_lr"": {""C"": 0.0001}, ""all_lgbm"": {""num_leaves"": 15, ""n_estimators"": 400, ""learning_rate"": 0.03}}"
0,1,sub-055,1,0.00790,0.97027,0.02182,140,"{""spectral_lr"": {""C"": 0.001}, ""riemann_ts_lr"": {""C"": 0.0001}, ""all_lgbm"": {""num_leaves"": 15, ""n_estimators"": 400, ""learning_rate"": 0.03}}"
0,1,sub-056,1,0.16256,0.72951,0.10793,96,"{""spectral_lr"": {""C"": 0.001}, ""riemann_ts_lr"": {""C"": 0.0001}, ""all_lgbm"": {""num_leaves"": 15, ""n_estimators"": 400, ""learning_rate"": 0.03}}"
0,1,sub-063,1,0.25207,0.67074,0.07719,140,"{""spectral_lr"": {""C"": 0.001}, ""riemann_ts_lr"": {""C"": 0.0001}, ""all_lgbm"": {""num_leaves"": 15, ""n_estimators"": 400, ""learning_rate"": 0.03}}"
0,1,sub-066,2,0.84289,0.02932,0.12779,93,"{""spectral_lr"": {""C"": 0.001}, ""riemann_ts_lr"": {""C"": 0.0001}, ""all_lgbm"": {""num_leaves"": 15, ""n_estimators"": 400, ""learning_rate"": 0.03}}"
0,1,sub-070,2,0.58368,0.11475,0.30156,82,"{""spectral_lr"": {""C"": 0.001}, ""riemann_ts_lr"": {""C"": 0.0001}, ""all_lgbm"": {""num_leaves"": 15, ""n_estimators"": 400, ""learning_rate"": 0.03}}"
0,1,sub-072,2,0.90366,0.00873,0.08761,108,"{""spectral_lr"": {""C"": 0.001}, ""riemann_ts_lr"": {""C"": 0.0001}, ""all_lgbm"": {""num_leaves"": 15, ""n_estimators"": 400, ""learning_rate"": 0.03}}"
0,1,sub-073,2,0.21571,0.09371,0.69057,143,"{""spectral_lr"": {""C"": 0.001}, ""riemann_ts_lr"": {""C"": 0.0001}, ""all_lgbm"": {""num_leaves"": 15, ""n_estimators"": 400, ""learning_rate"": 0.03}}"
0,1,sub-087,2,0.60641,0.09884,0.29475,99,"{""spectral_lr"": {""C"": 0.001}, ""riemann_ts_lr"": {""C"": 0.0001}, ""all_lgbm"": {""num_leaves"": 15, ""n_estimators"": 400, ""learning_rate"": 0.03}}"
0,2,sub-008,0,0.99271,0.00038,0.00690,138,"{""spectral_lr"": {""C"": 1.0}, ""riemann_ts_lr"": {""C"": 0.01}, ""all_lgbm"": {""num_leaves"": 15, ""n_estimators"": 400, ""learning_rate"": 0.03}}"
0,2,sub-010,0,0.18694,0.41530,0.39776,225,"{""spectral_lr"": {""C"": 1.0}, ""riemann_ts_lr"": {""C"": 0.01}, ""all_lgbm"": {""num_leaves"": 15, ""n_estimators"": 400, ""learning_rate"": 0.03}}"
0,2,sub-011,0,0.00962,0.00509,0.98528,120,"{""spectral_lr"": {""C"": 1.0}, ""riemann_ts_lr"": {""C"": 0.01}, ""all_lgbm"": {""num_leaves"": 15, ""n_estimators"": 400, ""learning_rate"": 0.03}}"
0,2,sub-018,0,0.98469,0.00063,0.01468,146,"{""spectral_lr"": {""C"": 1.0}, ""riemann_ts_lr"": {""C"": 0.01}, ""all_lgbm"": {""num_leaves"": 15, ""n_estimators"": 400, ""learning_rate"": 0.03}}"
0,2,sub-020,0,0.99679,0.00184,0.00137,160,"{""spectral_lr"": {""C"": 1.0}, ""riemann_ts_lr"": {""C"": 0.01}, ""all_lgbm"": {""num_leaves"": 15, ""n_estimators"": 400, ""learning_rate"": 0.03}}"
0,2,sub-028,0,0.99483,0.00014,0.00502,131,"{""spectral_lr"": {""C"": 1.0}, ""riemann_ts_lr"": {""C"": 0.01}, ""all_lgbm"": {""num_leaves"": 15, ""n_estimators"": 400, ""learning_rate"": 0.03}}"
0,2,sub-030,0,0.98197,0.01673,0.00130,88,"{""spectral_lr"": {""C"": 1.0}, ""riemann_ts_lr"": {""C"": 0.01}, ""all_lgbm"": {""num_leaves"": 15, ""n_estimators"": 400, ""learning_rate"": 0.03}}"
0,2,sub-037,1,0.14633,0.81200,0.04167,140,"{""spectral_lr"": {""C"": 1.0}, ""riemann_ts_lr"": {""C"": 0.01}, ""all_lgbm"": {""num_leaves"": 15, ""n_estimators"": 400, ""learning_rate"": 0.03}}"
0,2,sub-038,1,0.07091,0.92602,0.00307,150,"{""spectral_lr"": {""C"": 1.0}, ""riemann_ts_lr"": {""C"": 0.01}, ""all_lgbm"": {""num_leaves"": 15, ""n_estimators"": 400, ""learning_rate"": 0.03}}"
0,2,sub-041,1,0.00019,0.99977,0.00004,164,"{""spectral_lr"": {""C"": 1.0}, ""riemann_ts_lr"": {""C"": 0.01}, ""all_lgbm"": {""num_leaves"": 15, ""n_estimators"": 400, ""learning_rate"": 0.03}}"
0,2,sub-042,1,0.00295,0.99430,0.00275,167,"{""spectral_lr"": {""C"": 1.0}, ""riemann_ts_lr"": {""C"": 0.01}, ""all_lgbm"": {""num_leaves"": 15, ""n_estimators"": 400, ""learning_rate"": 0.03}}"
0,2,sub-044,1,0.05980,0.93946,0.00074,163,"{""spectral_lr"": {""C"": 1.0}, ""riemann_ts_lr"": {""C"": 0.01}, ""all_lgbm"": {""num_leaves"": 15, ""n_estimators"": 400, ""learning_rate"": 0.03}}"
0,2,sub-060,1,0.00168,0.99623,0.00209,126,"{""spectral_lr"": {""C"": 1.0}, ""riemann_ts_lr"": {""C"": 0.01}, ""all_lgbm"": {""num_leaves"": 15, ""n_estimators"": 400, ""learning_rate"": 0.03}}"
0,2,sub-067,2,0.24569,0.00235,0.75197,112,"{""spectral_lr"": {""C"": 1.0}, ""riemann_ts_lr"": {""C"": 0.01}, ""all_lgbm"": {""num_leaves"": 15, ""n_estimators"": 400, ""learning_rate"": 0.03}}"
0,2,sub-068,2,0.61809,0.06965,0.31226,94,"{""spectral_lr"": {""C"": 1.0}, ""riemann_ts_lr"": {""C"": 0.01}, ""all_lgbm"": {""num_leaves"": 15, ""n_estimators"": 400, ""learning_rate"": 0.03}}"
0,2,sub-075,2,0.01003,0.00857,0.98140,127,"{""spectral_lr"": {""C"": 1.0}, ""riemann_ts_lr"": {""C"": 0.01}, ""all_lgbm"": {""num_leaves"": 15, ""n_estimators"": 400, ""learning_rate"": 0.03}}"
0,2,sub-077,2,0.05063,0.55946,0.38992,114,"{""spectral_lr"": {""C"": 1.0}, ""riemann_ts_lr"": {""C"": 0.01}, ""all_lgbm"": {""num_leaves"": 15, ""n_estimators"": 400, ""learning_rate"": 0.03}}"
0,2,sub-088,2,0.93155,0.05194,0.01651,132,"{""spectral_lr"": {""C"": 1.0}, ""riemann_ts_lr"": {""C"": 0.01}, ""all_lgbm"": {""num_leaves"": 15, ""n_estimators"": 400, ""learning_rate"": 0.03}}"
0,3,sub-001,0,0.53695,0.10579,0.35726,100,"{""spectral_lr"": {""C"": 0.001}, ""riemann_ts_lr"": {""C"": 0.0001}, ""all_lgbm"": {""num_leaves"": 7, ""n_estimators"": 200}}"
0,3,sub-005,0,0.65848,0.11083,0.23069,145,"{""spectral_lr"": {""C"": 0.001}, ""riemann_ts_lr"": {""C"": 0.0001}, ""all_lgbm"": {""num_leaves"": 7, ""n_estimators"": 200}}"
0,3,sub-009,0,0.60517,0.18490,0.20992,106,"{""spectral_lr"": {""C"": 0.001}, ""riemann_ts_lr"": {""C"": 0.0001}, ""all_lgbm"": {""num_leaves"": 7, ""n_estimators"": 200}}"
0,3,sub-016,0,0.89509,0.03481,0.07010,164,"{""spectral_lr"": {""C"": 0.001}, ""riemann_ts_lr"": {""C"": 0.0001}, ""all_lgbm"": {""num_leaves"": 7, ""n_estimators"": 200}}"
0,3,sub-024,0,0.94211,0.01461,0.04328,124,"{""spectral_lr"": {""C"": 0.001}, ""riemann_ts_lr"": {""C"": 0.0001}, ""all_lgbm"": {""num_leaves"": 7, ""n_estimators"": 200}}"
0,3,sub-029,0,0.95748,0.00416,0.03836,122,"{""spectral_lr"": {""C"": 0.001}, ""riemann_ts_lr"": {""C"": 0.0001}, ""all_lgbm"": {""num_leaves"": 7, ""n_estimators"": 200}}"
0,3,sub-034,0,0.84440,0.02160,0.13400,166,"{""spectral_lr"": {""C"": 0.001}, ""riemann_ts_lr"": {""C"": 0.0001}, ""all_lgbm"": {""num_leaves"": 7, ""n_estimators"": 200}}"
0,3,sub-039,1,0.12559,0.84068,0.03373,141,"{""spectral_lr"": {""C"": 0.001}, ""riemann_ts_lr"": {""C"": 0.0001}, ""all_lgbm"": {""num_leaves"": 7, ""n_estimators"": 200}}"
0,3,sub-045,1,0.42666,0.44073,0.13261,127,"{""spectral_lr"": {""C"": 0.001}, ""riemann_ts_lr"": {""C"": 0.0001}, ""all_lgbm"": {""num_leaves"": 7, ""n_estimators"": 200}}"
0,3,sub-048,1,0.09371,0.87090,0.03539,162,"{""spectral_lr"": {""C"": 0.001}, ""riemann_ts_lr"": {""C"": 0.0001}, ""all_lgbm"": {""num_leaves"": 7, ""n_estimators"": 200}}"
0,3,sub-054,1,0.35653,0.38320,0.26027,125,"{""spectral_lr"": {""C"": 0.001}, ""riemann_ts_lr"": {""C"": 0.0001}, ""all_lgbm"": {""num_leaves"": 7, ""n_estimators"": 200}}"
0,3,sub-062,1,0.23584,0.62340,0.14076,146,"{""spectral_lr"": {""C"": 0.001}, ""riemann_ts_lr"": {""C"": 0.0001}, ""all_lgbm"": {""num_leaves"": 7, ""n_estimators"": 200}}"
0,3,sub-065,1,0.16519,0.63304,0.20177,163,"{""spectral_lr"": {""C"": 0.001}, ""riemann_ts_lr"": {""C"": 0.0001}, ""all_lgbm"": {""num_leaves"": 7, ""n_estimators"": 200}}"
0,3,sub-071,2,0.26167,0.54228,0.19606,106,"{""spectral_lr"": {""C"": 0.001}, ""riemann_ts_lr"": {""C"": 0.0001}, ""all_lgbm"": {""num_leaves"": 7, ""n_estimators"": 200}}"
0,3,sub-078,2,0.18285,0.35778,0.45937,150,"{""spectral_lr"": {""C"": 0.001}, ""riemann_ts_lr"": {""C"": 0.0001}, ""all_lgbm"": {""num_leaves"": 7, ""n_estimators"": 200}}"
0,3,sub-079,2,0.32395,0.28608,0.38997,135,"{""spectral_lr"": {""C"": 0.001}, ""riemann_ts_lr"": {""C"": 0.0001}, ""all_lgbm"": {""num_leaves"": 7, ""n_estimators"": 200}}"
0,3,sub-081,2,0.83247,0.04147,0.12606,142,"{""spectral_lr"": {""C"": 0.001}, ""riemann_ts_lr"": {""C"": 0.0001}, ""all_lgbm"": {""num_leaves"": 7, ""n_estimators"": 200}}"
0,4,sub-007,0,0.85816,0.00273,0.13910,134,"{""spectral_lr"": {""C"": 0.01}, ""riemann_ts_lr"": {""C"": 0.0001}, ""all_lgbm"": {""num_leaves"": 15, ""n_estimators"": 400, ""learning_rate"": 0.03}}"
0,4,sub-015,0,0.14625,0.73292,0.12083,143,"{""spectral_lr"": {""C"": 0.01}, ""riemann_ts_lr"": {""C"": 0.0001}, ""all_lgbm"": {""num_leaves"": 15, ""n_estimators"": 400, ""learning_rate"": 0.03}}"
0,4,sub-017,0,0.94775,0.00241,0.04984,137,"{""spectral_lr"": {""C"": 0.01}, ""riemann_ts_lr"": {""C"": 0.0001}, ""all_lgbm"": {""num_leaves"": 15, ""n_estimators"": 400, ""learning_rate"": 0.03}}"
0,4,sub-019,0,0.18133,0.37286,0.44581,161,"{""spectral_lr"": {""C"": 0.01}, ""riemann_ts_lr"": {""C"": 0.0001}, ""all_lgbm"": {""num_leaves"": 15, ""n_estimators"": 400, ""learning_rate"": 0.03}}"
0,4,sub-023,0,0.78726,0.11540,0.09734,120,"{""spectral_lr"": {""C"": 0.01}, ""riemann_ts_lr"": {""C"": 0.0001}, ""all_lgbm"": {""num_leaves"": 15, ""n_estimators"": 400, ""learning_rate"": 0.03}}"
0,4,sub-031,0,0.12020,0.77043,0.10937,183,"{""spectral_lr"": {""C"": 0.01}, ""riemann_ts_lr"": {""C"": 0.0001}, ""all_lgbm"": {""num_leaves"": 15, ""n_estimators"": 400, ""learning_rate"": 0.03}}"
0,4,sub-032,0,0.98682,0.00555,0.00764,96,"{""spectral_lr"": {""C"": 0.01}, ""riemann_ts_lr"": {""C"": 0.0001}, ""all_lgbm"": {""num_leaves"": 15, ""n_estimators"": 400, ""learning_rate"": 0.03}}"
0,4,sub-040,1,0.07088,0.88144,0.04768,132,"{""spectral_lr"": {""C"": 0.01}, ""riemann_ts_lr"": {""C"": 0.0001}, ""all_lgbm"": {""num_leaves"": 15, ""n_estimators"": 400, ""learning_rate"": 0.03}}"
0,4,sub-046,1,0.09414,0.88768,0.01818,116,"{""spectral_lr"": {""C"": 0.01}, ""riemann_ts_lr"": {""C"": 0.0001}, ""all_lgbm"": {""num_leaves"": 15, ""n_estimators"": 400, ""learning_rate"": 0.03}}"
0,4,sub-049,1,0.00695,0.97982,0.01323,131,"{""spectral_lr"": {""C"": 0.01}, ""riemann_ts_lr"": {""C"": 0.0001}, ""all_lgbm"": {""num_leaves"": 15, ""n_estimators"": 400, ""learning_rate"": 0.03}}"
0,4,sub-051,1,0.04803,0.93964,0.01233,115,"{""spectral_lr"": {""C"": 0.01}, ""riemann_ts_lr"": {""C"": 0.0001}, ""all_lgbm"": {""num_leaves"": 15, ""n_estimators"": 400, ""learning_rate"": 0.03}}"
0,4,sub-052,1,0.09142,0.85466,0.05392,133,"{""spectral_lr"": {""C"": 0.01}, ""riemann_ts_lr"": {""C"": 0.0001}, ""all_lgbm"": {""num_leaves"": 15, ""n_estimators"": 400, ""learning_rate"": 0.03}}"
0,4,sub-064,1,0.00682,0.98788,0.00530,151,"{""spectral_lr"": {""C"": 0.01}, ""riemann_ts_lr"": {""C"": 0.0001}, ""all_lgbm"": {""num_leaves"": 15, ""n_estimators"": 400, ""learning_rate"": 0.03}}"
0,4,sub-069,2,0.97551,0.00491,0.01958,108,"{""spectral_lr"": {""C"": 0.01}, ""riemann_ts_lr"": {""C"": 0.0001}, ""all_lgbm"": {""num_leaves"": 15, ""n_estimators"": 400, ""learning_rate"": 0.03}}"
0,4,sub-076,2,0.91459,0.07704,0.00837,148,"{""spectral_lr"": {""C"": 0.01}, ""riemann_ts_lr"": {""C"": 0.0001}, ""all_lgbm"": {""num_leaves"": 15, ""n_estimators"": 400, ""learning_rate"": 0.03}}"
0,4,sub-082,2,0.08603,0.52837,0.38560,137,"{""spectral_lr"": {""C"": 0.01}, ""riemann_ts_lr"": {""C"": 0.0001}, ""all_lgbm"": {""num_leaves"": 15, ""n_estimators"": 400, ""learning_rate"": 0.03}}"
0,4,sub-085,2,0.97121,0.00108,0.02770,91,"{""spectral_lr"": {""C"": 0.01}, ""riemann_ts_lr"": {""C"": 0.0001}, ""all_lgbm"": {""num_leaves"": 15, ""n_estimators"": 400, ""learning_rate"": 0.03}}"
1,0,sub-001,0,0.54409,0.08252,0.37339,100,"{""spectral_lr"": {""C"": 0.01}, ""riemann_ts_lr"": {""C"": 0.0001}, ""all_lgbm"": {""num_leaves"": 7, ""n_estimators"": 200}}"
1,0,sub-002,0,0.51023,0.20759,0.28219,139,"{""spectral_lr"": {""C"": 0.01}, ""riemann_ts_lr"": {""C"": 0.0001}, ""all_lgbm"": {""num_leaves"": 7, ""n_estimators"": 200}}"
1,0,sub-013,0,0.65595,0.01407,0.32998,151,"{""spectral_lr"": {""C"": 0.01}, ""riemann_ts_lr"": {""C"": 0.0001}, ""all_lgbm"": {""num_leaves"": 7, ""n_estimators"": 200}}"
1,0,sub-014,0,0.87924,0.01780,0.10296,157,"{""spectral_lr"": {""C"": 0.01}, ""riemann_ts_lr"": {""C"": 0.0001}, ""all_lgbm"": {""num_leaves"": 7, ""n_estimators"": 200}}"
1,0,sub-025,0,0.04421,0.80205,0.15375,106,"{""spectral_lr"": {""C"": 0.01}, ""riemann_ts_lr"": {""C"": 0.0001}, ""all_lgbm"": {""num_leaves"": 7, ""n_estimators"": 200}}"
1,0,sub-028,0,0.94632,0.00443,0.04925,131,"{""spectral_lr"": {""C"": 0.01}, ""riemann_ts_lr"": {""C"": 0.0001}, ""all_lgbm"": {""num_leaves"": 7, ""n_estimators"": 200}}"
1,0,sub-032,0,0.91723,0.03290,0.04987,96,"{""spectral_lr"": {""C"": 0.01}, ""riemann_ts_lr"": {""C"": 0.0001}, ""all_lgbm"": {""num_leaves"": 7, ""n_estimators"": 200}}"
1,0,sub-036,0,0.31870,0.64854,0.03276,143,"{""spectral_lr"": {""C"": 0.01}, ""riemann_ts_lr"": {""C"": 0.0001}, ""all_lgbm"": {""num_leaves"": 7, ""n_estimators"": 200}}"
1,0,sub-040,1,0.14093,0.80404,0.05503,132,"{""spectral_lr"": {""C"": 0.01}, ""riemann_ts_lr"": {""C"": 0.0001}, ""all_lgbm"": {""num_leaves"": 7, ""n_estimators"": 200}}"
1,0,sub-043,1,0.04680,0.17803,0.77516,152,"{""spectral_lr"": {""C"": 0.01}, ""riemann_ts_lr"": {""C"": 0.0001}, ""all_lgbm"": {""num_leaves"": 7, ""n_estimators"": 200}}"
1,0,sub-049,1,0.00771,0.97199,0.02029,131,"{""spectral_lr"": {""C"": 0.01}, ""riemann_ts_lr"": {""C"": 0.0001}, ""all_lgbm"": {""num_leaves"": 7, ""n_estimators"": 200}}"
1,0,sub-055,1,0.01690,0.96460,0.01850,140,"{""spectral_lr"": {""C"": 0.01}, ""riemann_ts_lr"": {""C"": 0.0001}, ""all_lgbm"": {""num_leaves"": 7, ""n_estimators"": 200}}"
1,0,sub-064,1,0.00981,0.98175,0.00844,151,"{""spectral_lr"": {""C"": 0.01}, ""riemann_ts_lr"": {""C"": 0.0001}, ""all_lgbm"": {""num_leaves"": 7, ""n_estimators"": 200}}"
1,0,sub-069,2,0.82267,0.02145,0.15588,108,"{""spectral_lr"": {""C"": 0.01}, ""riemann_ts_lr"": {""C"": 0.0001}, ""all_lgbm"": {""num_leaves"": 7, ""n_estimators"": 200}}"
1,0,sub-071,2,0.21096,0.62881,0.16023,106,"{""spectral_lr"": {""C"": 0.01}, ""riemann_ts_lr"": {""C"": 0.0001}, ""all_lgbm"": {""num_leaves"": 7, ""n_estimators"": 200}}"
1,0,sub-075,2,0.35034,0.35930,0.29036,127,"{""spectral_lr"": {""C"": 0.01}, ""riemann_ts_lr"": {""C"": 0.0001}, ""all_lgbm"": {""num_leaves"": 7, ""n_estimators"": 200}}"
1,0,sub-079,2,0.28239,0.54956,0.16805,135,"{""spectral_lr"": {""C"": 0.01}, ""riemann_ts_lr"": {""C"": 0.0001}, ""all_lgbm"": {""num_leaves"": 7, ""n_estimators"": 200}}"
1,0,sub-081,2,0.79133,0.02719,0.18148,142,"{""spectral_lr"": {""C"": 0.01}, ""riemann_ts_lr"": {""C"": 0.0001}, ""all_lgbm"": {""num_leaves"": 7, ""n_estimators"": 200}}"
1,1,sub-007,0,0.70093,0.00046,0.29860,134,"{""spectral_lr"": {""C"": 0.0001}, ""riemann_ts_lr"": {""C"": 1.0}, ""all_lgbm"": {""num_leaves"": 15, ""n_estimators"": 400, ""learning_rate"": 0.03}}"
1,1,sub-015,0,0.83142,0.16656,0.00202,143,"{""spectral_lr"": {""C"": 0.0001}, ""riemann_ts_lr"": {""C"": 1.0}, ""all_lgbm"": {""num_leaves"": 15, ""n_estimators"": 400, ""learning_rate"": 0.03}}"
1,1,sub-017,0,0.92213,0.00122,0.07665,137,"{""spectral_lr"": {""C"": 0.0001}, ""riemann_ts_lr"": {""C"": 1.0}, ""all_lgbm"": {""num_leaves"": 15, ""n_estimators"": 400, ""learning_rate"": 0.03}}"
1,1,sub-023,0,0.78379,0.14904,0.06717,120,"{""spectral_lr"": {""C"": 0.0001}, ""riemann_ts_lr"": {""C"": 1.0}, ""all_lgbm"": {""num_leaves"": 15, ""n_estimators"": 400, ""learning_rate"": 0.03}}"
1,1,sub-026,0,0.94133,0.05617,0.00250,138,"{""spectral_lr"": {""C"": 0.0001}, ""riemann_ts_lr"": {""C"": 1.0}, ""all_lgbm"": {""num_leaves"": 15, ""n_estimators"": 400, ""learning_rate"": 0.03}}"
1,1,sub-029,0,0.99854,0.00017,0.00129,122,"{""spectral_lr"": {""C"": 0.0001}, ""riemann_ts_lr"": {""C"": 1.0}, ""all_lgbm"": {""num_leaves"": 15, ""n_estimators"": 400, ""learning_rate"": 0.03}}"
1,1,sub-033,0,0.70416,0.12678,0.16905,128,"{""spectral_lr"": {""C"": 0.0001}, ""riemann_ts_lr"": {""C"": 1.0}, ""all_lgbm"": {""num_leaves"": 15, ""n_estimators"": 400, ""learning_rate"": 0.03}}"
1,1,sub-038,1,0.25758,0.68969,0.05273,150,"{""spectral_lr"": {""C"": 0.0001}, ""riemann_ts_lr"": {""C"": 1.0}, ""all_lgbm"": {""num_leaves"": 15, ""n_estimators"": 400, ""learning_rate"": 0.03}}"
1,1,sub-042,1,0.12120,0.85504,0.02376,167,"{""spectral_lr"": {""C"": 0.0001}, ""riemann_ts_lr"": {""C"": 1.0}, ""all_lgbm"": {""num_leaves"": 15, ""n_estimators"": 400, ""learning_rate"": 0.03}}"
1,1,sub-047,1,0.02374,0.71455,0.26171,145,"{""spectral_lr"": {""C"": 0.0001}, ""riemann_ts_lr"": {""C"": 1.0}, ""all_lgbm"": {""num_leaves"": 15, ""n_estimators"": 400, ""learning_rate"": 0.03}}"
1,1,sub-048,1,0.06501,0.92650,0.00848,162,"{""spectral_lr"": {""C"": 0.0001}, ""riemann_ts_lr"": {""C"": 1.0}, ""all_lgbm"": {""num_leaves"": 15, ""n_estimators"": 400, ""learning_rate"": 0.03}}"
1,1,sub-050,1,0.00710,0.97752,0.01537,141,"{""spectral_lr"": {""C"": 0.0001}, ""riemann_ts_lr"": {""C"": 1.0}, ""all_lgbm"": {""num_leaves"": 15, ""n_estimators"": 400, ""learning_rate"": 0.03}}"
1,1,sub-063,1,0.10293,0.40183,0.49525,140,"{""spectral_lr"": {""C"": 0.0001}, ""riemann_ts_lr"": {""C"": 1.0}, ""all_lgbm"": {""num_leaves"": 15, ""n_estimators"": 400, ""learning_rate"": 0.03}}"
1,1,sub-068,2,0.73069,0.05521,0.21410,94,"{""spectral_lr"": {""C"": 0.0001}, ""riemann_ts_lr"": {""C"": 1.0}, ""all_lgbm"": {""num_leaves"": 15, ""n_estimators"": 400, ""learning_rate"": 0.03}}"
1,1,sub-082,2,0.27888,0.50636,0.21476,137,"{""spectral_lr"": {""C"": 0.0001}, ""riemann_ts_lr"": {""C"": 1.0}, ""all_lgbm"": {""num_leaves"": 15, ""n_estimators"": 400, ""learning_rate"": 0.03}}"
1,1,sub-083,2,0.18198,0.10566,0.71235,158,"{""spectral_lr"": {""C"": 0.0001}, ""riemann_ts_lr"": {""C"": 1.0}, ""all_lgbm"": {""num_leaves"": 15, ""n_estimators"": 400, ""learning_rate"": 0.03}}"
1,1,sub-084,2,0.91112,0.00617,0.08271,117,"{""spectral_lr"": {""C"": 0.0001}, ""riemann_ts_lr"": {""C"": 1.0}, ""all_lgbm"": {""num_leaves"": 15, ""n_estimators"": 400, ""learning_rate"": 0.03}}"
1,1,sub-087,2,0.79534,0.00963,0.19502,99,"{""spectral_lr"": {""C"": 0.0001}, ""riemann_ts_lr"": {""C"": 1.0}, ""all_lgbm"": {""num_leaves"": 15, ""n_estimators"": 400, ""learning_rate"": 0.03}}"
1,2,sub-005,0,0.82608,0.00874,0.16518,145,"{""spectral_lr"": {""C"": 0.0001}, ""riemann_ts_lr"": {""C"": 1.0}, ""all_lgbm"": {""num_leaves"": 15, ""n_estimators"": 400, ""learning_rate"": 0.03}}"
1,2,sub-009,0,0.72589,0.24750,0.02661,106,"{""spectral_lr"": {""C"": 0.0001}, ""riemann_ts_lr"": {""C"": 1.0}, ""all_lgbm"": {""num_leaves"": 15, ""n_estimators"": 400, ""learning_rate"": 0.03}}"
1,2,sub-012,0,0.01256,0.92133,0.06611,152,"{""spectral_lr"": {""C"": 0.0001}, ""riemann_ts_lr"": {""C"": 1.0}, ""all_lgbm"": {""num_leaves"": 15, ""n_estimators"": 400, ""learning_rate"": 0.03}}"
1,2,sub-018,0,0.94066,0.01998,0.03936,146,"{""spectral_lr"": {""C"": 0.0001}, ""riemann_ts_lr"": {""C"": 1.0}, ""all_lgbm"": {""num_leaves"": 15, ""n_estimators"": 400, ""learning_rate"": 0.03}}"
1,2,sub-021,0,0.01928,0.08037,0.90036,156,"{""spectral_lr"": {""C"": 0.0001}, ""riemann_ts_lr"": {""C"": 1.0}, ""all_lgbm"": {""num_leaves"": 15, ""n_estimators"": 400, ""learning_rate"": 0.03}}"
1,2,sub-022,0,0.93453,0.00056,0.06491,146,"{""spectral_lr"": {""C"": 0.0001}, ""riemann_ts_lr"": {""C"": 1.0}, ""all_lgbm"": {""num_leaves"": 15, ""n_estimators"": 400, ""learning_rate"": 0.03}}"
1,2,sub-031,0,0.55774,0.41257,0.02968,183,"{""spectral_lr"": {""C"": 0.0001}, ""riemann_ts_lr"": {""C"": 1.0}, ""all_lgbm"": {""num_leaves"": 15, ""n_estimators"": 400, ""learning_rate"": 0.03}}"
1,2,sub-041,1,0.00145,0.99213,0.00641,164,"{""spectral_lr"": {""C"": 0.0001}, ""riemann_ts_lr"": {""C"": 1.0}, ""all_lgbm"": {""num_leaves"": 15, ""n_estimators"": 400, ""learning_rate"": 0.03}}"
1,2,sub-046,1,0.05206,0.90438,0.04356,116,"{""spectral_lr"": {""C"": 0.0001}, ""riemann_ts_lr"": {""C"": 1.0}, ""all_lgbm"": {""num_leaves"": 15, ""n_estimators"": 400, ""learning_rate"": 0.03}}"
1,2,sub-052,1,0.19339,0.76168,0.04493,133,"{""spectral_lr"": {""C"": 0.0001}, ""riemann_ts_lr"": {""C"": 1.0}, ""all_lgbm"": {""num_leaves"": 15, ""n_estimators"": 400, ""learning_rate"": 0.03}}"
1,2,sub-056,1,0.04754,0.70587,0.24659,96,"{""spectral_lr"": {""C"": 0.0001}, ""riemann_ts_lr"": {""C"": 1.0}, ""all_lgbm"": {""num_leaves"": 15, ""n_estimators"": 400, ""learning_rate"": 0.03}}"
1,2,sub-057,1,0.25082,0.53758,0.21161,146,"{""spectral_lr"": {""C"": 0.0001}, ""riemann_ts_lr"": {""C"": 1.0}, ""all_lgbm"": {""num_leaves"": 15, ""n_estimators"": 400, ""learning_rate"": 0.03}}"
1,2,sub-065,1,0.01268,0.86460,0.12272,163,"{""spectral_lr"": {""C"": 0.0001}, ""riemann_ts_lr"": {""C"": 1.0}, ""all_lgbm"": {""num_leaves"": 15, ""n_estimators"": 400, ""learning_rate"": 0.03}}"
1,2,sub-066,2,0.82726,0.04424,0.12851,93,"{""spectral_lr"": {""C"": 0.0001}, ""riemann_ts_lr"": {""C"": 1.0}, ""all_lgbm"": {""num_leaves"": 15, ""n_estimators"": 400, ""learning_rate"": 0.03}}"
1,2,sub-067,2,0.08500,0.00790,0.90710,112,"{""spectral_lr"": {""C"": 0.0001}, ""riemann_ts_lr"": {""C"": 1.0}, ""all_lgbm"": {""num_leaves"": 15, ""n_estimators"": 400, ""learning_rate"": 0.03}}"
1,2,sub-074,2,0.21751,0.27243,0.51006,165,"{""spectral_lr"": {""C"": 0.0001}, ""riemann_ts_lr"": {""C"": 1.0}, ""all_lgbm"": {""num_leaves"": 15, ""n_estimators"": 400, ""learning_rate"": 0.03}}"
1,2,sub-086,2,0.02036,0.40570,0.57394,40,"{""spectral_lr"": {""C"": 0.0001}, ""riemann_ts_lr"": {""C"": 1.0}, ""all_lgbm"": {""num_leaves"": 15, ""n_estimators"": 400, ""learning_rate"": 0.03}}"
1,2,sub-088,2,0.37962,0.56331,0.05707,132,"{""spectral_lr"": {""C"": 0.0001}, ""riemann_ts_lr"": {""C"": 1.0}, ""all_lgbm"": {""num_leaves"": 15, ""n_estimators"": 400, ""learning_rate"": 0.03}}"
1,3,sub-004,0,0.64281,0.02362,0.33358,120,"{""spectral_lr"": {""C"": 0.0001}, ""riemann_ts_lr"": {""C"": 0.0001}, ""all_lgbm"": {""num_leaves"": 7, ""n_estimators"": 200}}"
1,3,sub-006,0,0.08272,0.77921,0.13807,106,"{""spectral_lr"": {""C"": 0.0001}, ""riemann_ts_lr"": {""C"": 0.0001}, ""all_lgbm"": {""num_leaves"": 7, ""n_estimators"": 200}}"
1,3,sub-008,0,0.86041,0.04943,0.09016,138,"{""spectral_lr"": {""C"": 0.0001}, ""riemann_ts_lr"": {""C"": 0.0001}, ""all_lgbm"": {""num_leaves"": 7, ""n_estimators"": 200}}"
1,3,sub-010,0,0.11360,0.51859,0.36782,225,"{""spectral_lr"": {""C"": 0.0001}, ""riemann_ts_lr"": {""C"": 0.0001}, ""all_lgbm"": {""num_leaves"": 7, ""n_estimators"": 200}}"
1,3,sub-016,0,0.74740,0.04807,0.20452,164,"{""spectral_lr"": {""C"": 0.0001}, ""riemann_ts_lr"": {""C"": 0.0001}, ""all_lgbm"": {""num_leaves"": 7, ""n_estimators"": 200}}"
1,3,sub-020,0,0.76278,0.05493,0.18229,160,"{""spectral_lr"": {""C"": 0.0001}, ""riemann_ts_lr"": {""C"": 0.0001}, ""all_lgbm"": {""num_leaves"": 7, ""n_estimators"": 200}}"
1,3,sub-027,0,0.87845,0.01043,0.11112,145,"{""spectral_lr"": {""C"": 0.0001}, ""riemann_ts_lr"": {""C"": 0.0001}, ""all_lgbm"": {""num_leaves"": 7, ""n_estimators"": 200}}"
1,3,sub-044,1,0.14700,0.77105,0.08195,163,"{""spectral_lr"": {""C"": 0.0001}, ""riemann_ts_lr"": {""C"": 0.0001}, ""all_lgbm"": {""num_leaves"": 7, ""n_estimators"": 200}}"
1,3,sub-045,1,0.31771,0.54240,0.13989,127,"{""spectral_lr"": {""C"": 0.0001}, ""riemann_ts_lr"": {""C"": 0.0001}, ""all_lgbm"": {""num_leaves"": 7, ""n_estimators"": 200}}"
1,3,sub-058,1,0.10584,0.65725,0.23692,123,"{""spectral_lr"": {""C"": 0.0001}, ""riemann_ts_lr"": {""C"": 0.0001}, ""all_lgbm"": {""num_leaves"": 7, ""n_estimators"": 200}}"
1,3,sub-060,1,0.09865,0.78756,0.11379,126,"{""spectral_lr"": {""C"": 0.0001}, ""riemann_ts_lr"": {""C"": 0.0001}, ""all_lgbm"": {""num_leaves"": 7, ""n_estimators"": 200}}"
1,3,sub-061,1,0.37134,0.20761,0.42105,130,"{""spectral_lr"": {""C"": 0.0001}, ""riemann_ts_lr"": {""C"": 0.0001}, ""all_lgbm"": {""num_leaves"": 7, ""n_estimators"": 200}}"
1,3,sub-062,1,0.26051,0.54429,0.19520,146,"{""spectral_lr"": {""C"": 0.0001}, ""riemann_ts_lr"": {""C"": 0.0001}, ""all_lgbm"": {""num_leaves"": 7, ""n_estimators"": 200}}"
1,3,sub-072,2,0.74459,0.02045,0.23497,108,"{""spectral_lr"": {""C"": 0.0001}, ""riemann_ts_lr"": {""C"": 0.0001}, ""all_lgbm"": {""num_leaves"": 7, ""n_estimators"": 200}}"
1,3,sub-073,2,0.17554,0.19148,0.63298,143,"{""spectral_lr"": {""C"": 0.0001}, ""riemann_ts_lr"": {""C"": 0.0001}, ""all_lgbm"": {""num_leaves"": 7, ""n_estimators"": 200}}"
1,3,sub-077,2,0.31617,0.22842,0.45541,114,"{""spectral_lr"": {""C"": 0.0001}, ""riemann_ts_lr"": {""C"": 0.0001}, ""all_lgbm"": {""num_leaves"": 7, ""n_estimators"": 200}}"
1,3,sub-078,2,0.15529,0.27174,0.57297,150,"{""spectral_lr"": {""C"": 0.0001}, ""riemann_ts_lr"": {""C"": 0.0001}, ""all_lgbm"": {""num_leaves"": 7, ""n_estimators"": 200}}"
1,4,sub-003,0,0.07857,0.02227,0.89916,47,"{""spectral_lr"": {""C"": 0.1}, ""riemann_ts_lr"": {""C"": 0.001}, ""all_lgbm"": {""num_leaves"": 7, ""n_estimators"": 200}}"
1,4,sub-011,0,0.07182,0.00959,0.91859,120,"{""spectral_lr"": {""C"": 0.1}, ""riemann_ts_lr"": {""C"": 0.001}, ""all_lgbm"": {""num_leaves"": 7, ""n_estimators"": 200}}"
1,4,sub-019,0,0.71283,0.25586,0.03131,161,"{""spectral_lr"": {""C"": 0.1}, ""riemann_ts_lr"": {""C"": 0.001}, ""all_lgbm"": {""num_leaves"": 7, ""n_estimators"": 200}}"
1,4,sub-024,0,0.98833,0.00097,0.01069,124,"{""spectral_lr"": {""C"": 0.1}, ""riemann_ts_lr"": {""C"": 0.001}, ""all_lgbm"": {""num_leaves"": 7, ""n_estimators"": 200}}"
1,4,sub-030,0,0.98956,0.00750,0.00294,88,"{""spectral_lr"": {""C"": 0.1}, ""riemann_ts_lr"": {""C"": 0.001}, ""all_lgbm"": {""num_leaves"": 7, ""n_estimators"": 200}}"
1,4,sub-034,0,0.94734,0.01238,0.04027,166,"{""spectral_lr"": {""C"": 0.1}, ""riemann_ts_lr"": {""C"": 0.001}, ""all_lgbm"": {""num_leaves"": 7, ""n_estimators"": 200}}"
1,4,sub-035,0,0.77744,0.00471,0.21786,109,"{""spectral_lr"": {""C"": 0.1}, ""riemann_ts_lr"": {""C"": 0.001}, ""all_lgbm"": {""num_leaves"": 7, ""n_estimators"": 200}}"
1,4,sub-037,1,0.17931,0.77828,0.04241,140,"{""spectral_lr"": {""C"": 0.1}, ""riemann_ts_lr"": {""C"": 0.001}, ""all_lgbm"": {""num_leaves"": 7, ""n_estimators"": 200}}"
1,4,sub-039,1,0.06039,0.93661,0.00300,141,"{""spectral_lr"": {""C"": 0.1}, ""riemann_ts_lr"": {""C"": 0.001}, ""all_lgbm"": {""num_leaves"": 7, ""n_estimators"": 200}}"
1,4,sub-051,1,0.03574,0.96000,0.00426,115,"{""spectral_lr"": {""C"": 0.1}, ""riemann_ts_lr"": {""C"": 0.001}, ""all_lgbm"": {""num_leaves"": 7, ""n_estimators"": 200}}"
1,4,sub-053,1,0.81530,0.09253,0.09218,106,"{""spectral_lr"": {""C"": 0.1}, ""riemann_ts_lr"": {""C"": 0.001}, ""all_lgbm"": {""num_leaves"": 7, ""n_estimators"": 200}}"
1,4,sub-054,1,0.33516,0.28930,0.37555,125,"{""spectral_lr"": {""C"": 0.1}, ""riemann_ts_lr"": {""C"": 0.001}, ""all_lgbm"": {""num_leaves"": 7, ""n_estimators"": 200}}"
1,4,sub-059,1,0.25896,0.63630,0.10474,141,"{""spectral_lr"": {""C"": 0.1}, ""riemann_ts_lr"": {""C"": 0.001}, ""all_lgbm"": {""num_leaves"": 7, ""n_estimators"": 200}}"
1,4,sub-070,2,0.53652,0.09045,0.37303,82,"{""spectral_lr"": {""C"": 0.1}, ""riemann_ts_lr"": {""C"": 0.001}, ""all_lgbm"": {""num_leaves"": 7, ""n_estimators"": 200}}"
1,4,sub-076,2,0.98601,0.01289,0.00110,148,"{""spectral_lr"": {""C"": 0.1}, ""riemann_ts_lr"": {""C"": 0.001}, ""all_lgbm"": {""num_leaves"": 7, ""n_estimators"": 200}}"
1,4,sub-080,2,0.00463,0.99481,0.00056,151,"{""spectral_lr"": {""C"": 0.1}, ""riemann_ts_lr"": {""C"": 0.001}, ""all_lgbm"": {""num_leaves"": 7, ""n_estimators"": 200}}"
1,4,sub-085,2,0.65763,0.00049,0.34188,91,"{""spectral_lr"": {""C"": 0.1}, ""riemann_ts_lr"": {""C"": 0.001}, ""all_lgbm"": {""num_leaves"": 7, ""n_estimators"": 200}}"
2,0,sub-002,0,0.30503,0.19383,0.50114,139,"{""spectral_lr"": {""C"": 0.001}, ""riemann_ts_lr"": {""C"": 0.0001}, ""all_lgbm"": {""num_leaves"": 15, ""n_estimators"": 400, ""learning_rate"": 0.03}}"
2,0,sub-008,0,0.80312,0.06575,0.13114,138,"{""spectral_lr"": {""C"": 0.001}, ""riemann_ts_lr"": {""C"": 0.0001}, ""all_lgbm"": {""num_leaves"": 15, ""n_estimators"": 400, ""learning_rate"": 0.03}}"
2,0,sub-012,0,0.10023,0.74338,0.15639,152,"{""spectral_lr"": {""C"": 0.001}, ""riemann_ts_lr"": {""C"": 0.0001}, ""all_lgbm"": {""num_leaves"": 15, ""n_estimators"": 400, ""learning_rate"": 0.03}}"
2,0,sub-013,0,0.72530,0.01915,0.25555,151,"{""spectral_lr"": {""C"": 0.001}, ""riemann_ts_lr"": {""C"": 0.0001}, ""all_lgbm"": {""num_leaves"": 15, ""n_estimators"": 400, ""learning_rate"": 0.03}}"
2,0,sub-014,0,0.75756,0.03237,0.21007,157,"{""spectral_lr"": {""C"": 0.001}, ""riemann_ts_lr"": {""C"": 0.0001}, ""all_lgbm"": {""num_leaves"": 15, ""n_estimators"": 400, ""learning_rate"": 0.03}}"
2,0,sub-021,0,0.47020,0.32403,0.20577,156,"{""spectral_lr"": {""C"": 0.001}, ""riemann_ts_lr"": {""C"": 0.0001}, ""all_lgbm"": {""num_leaves"": 15, ""n_estimators"": 400, ""learning_rate"": 0.03}}"
2,0,sub-030,0,0.85370,0.04474,0.10155,88,"{""spectral_lr"": {""C"": 0.001}, ""riemann_ts_lr"": {""C"": 0.0001}, ""all_lgbm"": {""num_leaves"": 15, ""n_estimators"": 400, ""learning_rate"": 0.03}}"
2,0,sub-035,0,0.51450,0.03747,0.44802,109,"{""spectral_lr"": {""C"": 0.001}, ""riemann_ts_lr"": {""C"": 0.0001}, ""all_lgbm"": {""num_leaves"": 15, ""n_estimators"": 400, ""learning_rate"": 0.03}}"
2,0,sub-039,1,0.06798,0.91531,0.01671,141,"{""spectral_lr"": {""C"": 0.001}, ""riemann_ts_lr"": {""C"": 0.0001}, ""all_lgbm"": {""num_leaves"": 15, ""n_estimators"": 400, ""learning_rate"": 0.03}}"
2,0,sub-045,1,0.44926,0.46637,0.08437,127,"{""spectral_lr"": {""C"": 0.001}, ""riemann_ts_lr"": {""C"": 0.0001}, ""all_lgbm"": {""num_leaves"": 15, ""n_estimators"": 400, ""learning_rate"": 0.03}}"
2,0,sub-049,1,0.01917,0.96567,0.01516,131,"{""spectral_lr"": {""C"": 0.001}, ""riemann_ts_lr"": {""C"": 0.0001}, ""all_lgbm"": {""num_leaves"": 15, ""n_estimators"": 400, ""learning_rate"": 0.03}}"
2,0,sub-055,1,0.04302,0.93432,0.02267,140,"{""spectral_lr"": {""C"": 0.001}, ""riemann_ts_lr"": {""C"": 0.0001}, ""all_lgbm"": {""num_leaves"": 15, ""n_estimators"": 400, ""learning_rate"": 0.03}}"
2,0,sub-062,1,0.07834,0.83818,0.08347,146,"{""spectral_lr"": {""C"": 0.001}, ""riemann_ts_lr"": {""C"": 0.0001}, ""all_lgbm"": {""num_leaves"": 15, ""n_estimators"": 400, ""learning_rate"": 0.03}}"
2,0,sub-073,2,0.30850,0.44317,0.24833,143,"{""spectral_lr"": {""C"": 0.001}, ""riemann_ts_lr"": {""C"": 0.0001}, ""all_lgbm"": {""num_leaves"": 15, ""n_estimators"": 400, ""learning_rate"": 0.03}}"
2,0,sub-074,2,0.27974,0.50581,0.21445,165,"{""spectral_lr"": {""C"": 0.001}, ""riemann_ts_lr"": {""C"": 0.0001}, ""all_lgbm"": {""num_leaves"": 15, ""n_estimators"": 400, ""learning_rate"": 0.03}}"
2,0,sub-075,2,0.16585,0.12480,0.70935,127,"{""spectral_lr"": {""C"": 0.001}, ""riemann_ts_lr"": {""C"": 0.0001}, ""all_lgbm"": {""num_leaves"": 15, ""n_estimators"": 400, ""learning_rate"": 0.03}}"
2,0,sub-085,2,0.79429,0.00657,0.19914,91,"{""spectral_lr"": {""C"": 0.001}, ""riemann_ts_lr"": {""C"": 0.0001}, ""all_lgbm"": {""num_leaves"": 15, ""n_estimators"": 400, ""learning_rate"": 0.03}}"
2,0,sub-088,2,0.30838,0.48104,0.21058,132,"{""spectral_lr"": {""C"": 0.001}, ""riemann_ts_lr"": {""C"": 0.0001}, ""all_lgbm"": {""num_leaves"": 15, ""n_estimators"": 400, ""learning_rate"": 0.03}}"
2,1,sub-003,0,0.11645,0.31512,0.56843,47,"{""spectral_lr"": {""C"": 0.0001}, ""riemann_ts_lr"": {""C"": 1.0}, ""all_lgbm"": {""num_leaves"": 7, ""n_estimators"": 200}}"
2,1,sub-006,0,0.10109,0.77707,0.12183,106,"{""spectral_lr"": {""C"": 0.0001}, ""riemann_ts_lr"": {""C"": 1.0}, ""all_lgbm"": {""num_leaves"": 7, ""n_estimators"": 200}}"
2,1,sub-009,0,0.13789,0.24745,0.61467,106,"{""spectral_lr"": {""C"": 0.0001}, ""riemann_ts_lr"": {""C"": 1.0}, ""all_lgbm"": {""num_leaves"": 7, ""n_estimators"": 200}}"
2,1,sub-031,0,0.09131,0.87456,0.03413,183,"{""spectral_lr"": {""C"": 0.0001}, ""riemann_ts_lr"": {""C"": 1.0}, ""all_lgbm"": {""num_leaves"": 7, ""n_estimators"": 200}}"
2,1,sub-032,0,0.96060,0.00845,0.03095,96,"{""spectral_lr"": {""C"": 0.0001}, ""riemann_ts_lr"": {""C"": 1.0}, ""all_lgbm"": {""num_leaves"": 7, ""n_estimators"": 200}}"
2,1,sub-034,0,0.51099,0.18539,0.30362,166,"{""spectral_lr"": {""C"": 0.0001}, ""riemann_ts_lr"": {""C"": 1.0}, ""all_lgbm"": {""num_leaves"": 7, ""n_estimators"": 200}}"
2,1,sub-036,0,0.04601,0.62202,0.33197,143,"{""spectral_lr"": {""C"": 0.0001}, ""riemann_ts_lr"": {""C"": 1.0}, ""all_lgbm"": {""num_leaves"": 7, ""n_estimators"": 200}}"
2,1,sub-037,1,0.21908,0.68150,0.09942,140,"{""spectral_lr"": {""C"": 0.0001}, ""riemann_ts_lr"": {""C"": 1.0}, ""all_lgbm"": {""num_leaves"": 7, ""n_estimators"": 200}}"
2,1,sub-038,1,0.09966,0.76072,0.13962,150,"{""spectral_lr"": {""C"": 0.0001}, ""riemann_ts_lr"": {""C"": 1.0}, ""all_lgbm"": {""num_leaves"": 7, ""n_estimators"": 200}}"
2,1,sub-044,1,0.02437,0.90738,0.06825,163,"{""spectral_lr"": {""C"": 0.0001}, ""riemann_ts_lr"": {""C"": 1.0}, ""all_lgbm"": {""num_leaves"": 7, ""n_estimators"": 200}}"
2,1,sub-052,1,0.03228,0.92403,0.04369,133,"{""spectral_lr"": {""C"": 0.0001}, ""riemann_ts_lr"": {""C"": 1.0}, ""all_lgbm"": {""num_leaves"": 7, ""n_estimators"": 200}}"
2,1,sub-059,1,0.05246,0.93136,0.01618,141,"{""spectral_lr"": {""C"": 0.0001}, ""riemann_ts_lr"": {""C"": 1.0}, ""all_lgbm"": {""num_leaves"": 7, ""n_estimators"": 200}}"
2,1,sub-064,1,0.01216,0.89141,0.09643,151,"{""spectral_lr"": {""C"": 0.0001}, ""riemann_ts_lr"": {""C"": 1.0}, ""all_lgbm"": {""num_leaves"": 7, ""n_estimators"": 200}}"
2,1,sub-070,2,0.18544,0.58733,0.22723,82,"{""spectral_lr"": {""C"": 0.0001}, ""riemann_ts_lr"": {""C"": 1.0}, ""all_lgbm"": {""num_leaves"": 7, ""n_estimators"": 200}}"
2,1,sub-076,2,0.97592,0.02209,0.00199,148,"{""spectral_lr"": {""C"": 0.0001}, ""riemann_ts_lr"": {""C"": 1.0}, ""all_lgbm"": {""num_leaves"": 7, ""n_estimators"": 200}}"
2,1,sub-078,2,0.20764,0.57655,0.21581,150,"{""spectral_lr"": {""C"": 0.0001}, ""riemann_ts_lr"": {""C"": 1.0}, ""all_lgbm"": {""num_leaves"": 7, ""n_estimators"": 200}}"
2,1,sub-079,2,0.43930,0.39020,0.17050,135,"{""spectral_lr"": {""C"": 0.0001}, ""riemann_ts_lr"": {""C"": 1.0}, ""all_lgbm"": {""num_leaves"": 7, ""n_estimators"": 200}}"
2,1,sub-082,2,0.07235,0.82068,0.10697,137,"{""spectral_lr"": {""C"": 0.0001}, ""riemann_ts_lr"": {""C"": 1.0}, ""all_lgbm"": {""num_leaves"": 7, ""n_estimators"": 200}}"
2,2,sub-004,0,0.87283,0.00289,0.12428,120,"{""spectral_lr"": {""C"": 0.01}, ""riemann_ts_lr"": {""C"": 0.0001}, ""all_lgbm"": {""num_leaves"": 7, ""n_estimators"": 200}}"
2,2,sub-010,0,0.15901,0.53613,0.30486,225,"{""spectral_lr"": {""C"": 0.01}, ""riemann_ts_lr"": {""C"": 0.0001}, ""all_lgbm"": {""num_leaves"": 7, ""n_estimators"": 200}}"
2,2,sub-011,0,0.15792,0.02675,0.81533,120,"{""spectral_lr"": {""C"": 0.01}, ""riemann_ts_lr"": {""C"": 0.0001}, ""all_lgbm"": {""num_leaves"": 7, ""n_estimators"": 200}}"
2,2,sub-019,0,0.31182,0.59392,0.09426,161,"{""spectral_lr"": {""C"": 0.01}, ""riemann_ts_lr"": {""C"": 0.0001}, ""all_lgbm"": {""num_leaves"": 7, ""n_estimators"": 200}}"
2,2,sub-022,0,0.67782,0.02769,0.29450,146,"{""spectral_lr"": {""C"": 0.01}, ""riemann_ts_lr"": {""C"": 0.0001}, ""all_lgbm"": {""num_leaves"": 7, ""n_estimators"": 200}}"
2,2,sub-024,0,0.96236,0.00568,0.03196,124,"{""spectral_lr"": {""C"": 0.01}, ""riemann_ts_lr"": {""C"": 0.0001}, ""all_lgbm"": {""num_leaves"": 7, ""n_estimators"": 200}}"
2,2,sub-026,0,0.93471,0.05224,0.01305,138,"{""spectral_lr"": {""C"": 0.01}, ""riemann_ts_lr"": {""C"": 0.0001}, ""all_lgbm"": {""num_leaves"": 7, ""n_estimators"": 200}}"
2,2,sub-040,1,0.13374,0.79100,0.07526,132,"{""spectral_lr"": {""C"": 0.01}, ""riemann_ts_lr"": {""C"": 0.0001}, ""all_lgbm"": {""num_leaves"": 7, ""n_estimators"": 200}}"
2,2,sub-042,1,0.10343,0.86352,0.03305,167,"{""spectral_lr"": {""C"": 0.01}, ""riemann_ts_lr"": {""C"": 0.0001}, ""all_lgbm"": {""num_leaves"": 7, ""n_estimators"": 200}}"
2,2,sub-046,1,0.10474,0.84963,0.04564,116,"{""spectral_lr"": {""C"": 0.01}, ""riemann_ts_lr"": {""C"": 0.0001}, ""all_lgbm"": {""num_leaves"": 7, ""n_estimators"": 200}}"
2,2,sub-047,1,0.04566,0.86816,0.08617,145,"{""spectral_lr"": {""C"": 0.01}, ""riemann_ts_lr"": {""C"": 0.0001}, ""all_lgbm"": {""num_leaves"": 7, ""n_estimators"": 200}}"
2,2,sub-053,1,0.53013,0.35340,0.11647,106,"{""spectral_lr"": {""C"": 0.01}, ""riemann_ts_lr"": {""C"": 0.0001}, ""all_lgbm"": {""num_leaves"": 7, ""n_estimators"": 200}}"
2,2,sub-065,1,0.11223,0.56787,0.31989,163,"{""spectral_lr"": {""C"": 0.01}, ""riemann_ts_lr"": {""C"": 0.0001}, ""all_lgbm"": {""num_leaves"": 7, ""n_estimators"": 200}}"
2,2,sub-068,2,0.49968,0.16855,0.33177,94,"{""spectral_lr"": {""C"": 0.01}, ""riemann_ts_lr"": {""C"": 0.0001}, ""all_lgbm"": {""num_leaves"": 7, ""n_estimators"": 200}}"
2,2,sub-071,2,0.25223,0.53587,0.21190,106,"{""spectral_lr"": {""C"": 0.01}, ""riemann_ts_lr"": {""C"": 0.0001}, ""all_lgbm"": {""num_leaves"": 7, ""n_estimators"": 200}}"
2,2,sub-077,2,0.09322,0.38972,0.51706,114,"{""spectral_lr"": {""C"": 0.01}, ""riemann_ts_lr"": {""C"": 0.0001}, ""all_lgbm"": {""num_leaves"": 7, ""n_estimators"": 200}}"
2,2,sub-084,2,0.75978,0.01003,0.23020,117,"{""spectral_lr"": {""C"": 0.01}, ""riemann_ts_lr"": {""C"": 0.0001}, ""all_lgbm"": {""num_leaves"": 7, ""n_estimators"": 200}}"
2,2,sub-086,2,0.12302,0.47630,0.40068,40,"{""spectral_lr"": {""C"": 0.01}, ""riemann_ts_lr"": {""C"": 0.0001}, ""all_lgbm"": {""num_leaves"": 7, ""n_estimators"": 200}}"
2,3,sub-005,0,0.64742,0.11222,0.24036,145,"{""spectral_lr"": {""C"": 0.001}, ""riemann_ts_lr"": {""C"": 0.0001}, ""all_lgbm"": {""num_leaves"": 7, ""n_estimators"": 200}}"
2,3,sub-007,0,0.82550,0.01129,0.16320,134,"{""spectral_lr"": {""C"": 0.001}, ""riemann_ts_lr"": {""C"": 0.0001}, ""all_lgbm"": {""num_leaves"": 7, ""n_estimators"": 200}}"
2,3,sub-015,0,0.61026,0.33933,0.05041,143,"{""spectral_lr"": {""C"": 0.001}, ""riemann_ts_lr"": {""C"": 0.0001}, ""all_lgbm"": {""num_leaves"": 7, ""n_estimators"": 200}}"
2,3,sub-018,0,0.87058,0.04732,0.08209,146,"{""spectral_lr"": {""C"": 0.001}, ""riemann_ts_lr"": {""C"": 0.0001}, ""all_lgbm"": {""num_leaves"": 7, ""n_estimators"": 200}}"
2,3,sub-027,0,0.89189,0.00628,0.10183,145,"{""spectral_lr"": {""C"": 0.001}, ""riemann_ts_lr"": {""C"": 0.0001}, ""all_lgbm"": {""num_leaves"": 7, ""n_estimators"": 200}}"
2,3,sub-028,0,0.90322,0.01188,0.08490,131,"{""spectral_lr"": {""C"": 0.001}, ""riemann_ts_lr"": {""C"": 0.0001}, ""all_lgbm"": {""num_leaves"": 7, ""n_estimators"": 200}}"
2,3,sub-029,0,0.94420,0.00642,0.04938,122,"{""spectral_lr"": {""C"": 0.001}, ""riemann_ts_lr"": {""C"": 0.0001}, ""all_lgbm"": {""num_leaves"": 7, ""n_estimators"": 200}}"
2,3,sub-041,1,0.06972,0.89904,0.03123,164,"{""spectral_lr"": {""C"": 0.001}, ""riemann_ts_lr"": {""C"": 0.0001}, ""all_lgbm"": {""num_leaves"": 7, ""n_estimators"": 200}}"
2,3,sub-043,1,0.12243,0.21506,0.66251,152,"{""spectral_lr"": {""C"": 0.001}, ""riemann_ts_lr"": {""C"": 0.0001}, ""all_lgbm"": {""num_leaves"": 7, ""n_estimators"": 200}}"
2,3,sub-048,1,0.08382,0.87477,0.04141,162,"{""spectral_lr"": {""C"": 0.001}, ""riemann_ts_lr"": {""C"": 0.0001}, ""all_lgbm"": {""num_leaves"": 7, ""n_estimators"": 200}}"
2,3,sub-051,1,0.15982,0.78055,0.05963,115,"{""spectral_lr"": {""C"": 0.001}, ""riemann_ts_lr"": {""C"": 0.0001}, ""all_lgbm"": {""num_leaves"": 7, ""n_estimators"": 200}}"
2,3,sub-054,1,0.25135,0.60677,0.14187,125,"{""spectral_lr"": {""C"": 0.001}, ""riemann_ts_lr"": {""C"": 0.0001}, ""all_lgbm"": {""num_leaves"": 7, ""n_estimators"": 200}}"
2,3,sub-061,1,0.41677,0.16787,0.41535,130,"{""spectral_lr"": {""C"": 0.001}, ""riemann_ts_lr"": {""C"": 0.0001}, ""all_lgbm"": {""num_leaves"": 7, ""n_estimators"": 200}}"
2,3,sub-067,2,0.09871,0.01469,0.88660,112,"{""spectral_lr"": {""C"": 0.001}, ""riemann_ts_lr"": {""C"": 0.0001}, ""all_lgbm"": {""num_leaves"": 7, ""n_estimators"": 200}}"
2,3,sub-080,2,0.03854,0.94623,0.01523,151,"{""spectral_lr"": {""C"": 0.001}, ""riemann_ts_lr"": {""C"": 0.0001}, ""all_lgbm"": {""num_leaves"": 7, ""n_estimators"": 200}}"
2,3,sub-081,2,0.81476,0.02580,0.15944,142,"{""spectral_lr"": {""C"": 0.001}, ""riemann_ts_lr"": {""C"": 0.0001}, ""all_lgbm"": {""num_leaves"": 7, ""n_estimators"": 200}}"
2,3,sub-087,2,0.53355,0.09244,0.37401,99,"{""spectral_lr"": {""C"": 0.001}, ""riemann_ts_lr"": {""C"": 0.0001}, ""all_lgbm"": {""num_leaves"": 7, ""n_estimators"": 200}}"
2,4,sub-001,0,0.61925,0.03755,0.34321,100,"{""spectral_lr"": {""C"": 0.1}, ""riemann_ts_lr"": {""C"": 0.0001}, ""all_lgbm"": {""num_leaves"": 15, ""n_estimators"": 400, ""learning_rate"": 0.03}}"
2,4,sub-016,0,0.94318,0.00695,0.04987,164,"{""spectral_lr"": {""C"": 0.1}, ""riemann_ts_lr"": {""C"": 0.0001}, ""all_lgbm"": {""num_leaves"": 15, ""n_estimators"": 400, ""learning_rate"": 0.03}}"
2,4,sub-017,0,0.97156,0.00021,0.02823,137,"{""spectral_lr"": {""C"": 0.1}, ""riemann_ts_lr"": {""C"": 0.0001}, ""all_lgbm"": {""num_leaves"": 15, ""n_estimators"": 400, ""learning_rate"": 0.03}}"
2,4,sub-020,0,0.85752,0.01382,0.12866,160,"{""spectral_lr"": {""C"": 0.1}, ""riemann_ts_lr"": {""C"": 0.0001}, ""all_lgbm"": {""num_leaves"": 15, ""n_estimators"": 400, ""learning_rate"": 0.03}}"
2,4,sub-023,0,0.92088,0.01034,0.06879,120,"{""spectral_lr"": {""C"": 0.1}, ""riemann_ts_lr"": {""C"": 0.0001}, ""all_lgbm"": {""num_leaves"": 15, ""n_estimators"": 400, ""learning_rate"": 0.03}}"
2,4,sub-025,0,0.01164,0.81555,0.17281,106,"{""spectral_lr"": {""C"": 0.1}, ""riemann_ts_lr"": {""C"": 0.0001}, ""all_lgbm"": {""num_leaves"": 15, ""n_estimators"": 400, ""learning_rate"": 0.03}}"
2,4,sub-033,0,0.53156,0.09431,0.37413,128,"{""spectral_lr"": {""C"": 0.1}, ""riemann_ts_lr"": {""C"": 0.0001}, ""all_lgbm"": {""num_leaves"": 15, ""n_estimators"": 400, ""learning_rate"": 0.03}}"
2,4,sub-050,1,0.07970,0.77262,0.14768,141,"{""spectral_lr"": {""C"": 0.1}, ""riemann_ts_lr"": {""C"": 0.0001}, ""all_lgbm"": {""num_leaves"": 15, ""n_estimators"": 400, ""learning_rate"": 0.03}}"
2,4,sub-056,1,0.15646,0.81521,0.02834,96,"{""spectral_lr"": {""C"": 0.1}, ""riemann_ts_lr"": {""C"": 0.0001}, ""all_lgbm"": {""num_leaves"": 15, ""n_estimators"": 400, ""learning_rate"": 0.03}}"
2,4,sub-057,1,0.28878,0.31050,0.40072,146,"{""spectral_lr"": {""C"": 0.1}, ""riemann_ts_lr"": {""C"": 0.0001}, ""all_lgbm"": {""num_leaves"": 15, ""n_estimators"": 400, ""learning_rate"": 0.03}}"
2,4,sub-058,1,0.00406,0.96379,0.03216,123,"{""spectral_lr"": {""C"": 0.1}, ""riemann_ts_lr"": {""C"": 0.0001}, ""all_lgbm"": {""num_leaves"": 15, ""n_estimators"": 400, ""learning_rate"": 0.03}}"
2,4,sub-060,1,0.01076,0.97839,0.01085,126,"{""spectral_lr"": {""C"": 0.1}, ""riemann_ts_lr"": {""C"": 0.0001}, ""all_lgbm"": {""num_leaves"": 15, ""n_estimators"": 400, ""learning_rate"": 0.03}}"
2,4,sub-063,1,0.13750,0.61799,0.24452,140,"{""spectral_lr"": {""C"": 0.1}, ""riemann_ts_lr"": {""C"": 0.0001}, ""all_lgbm"": {""num_leaves"": 15, ""n_estimators"": 400, ""learning_rate"": 0.03}}"
2,4,sub-066,2,0.98757,0.00338,0.00905,93,"{""spectral_lr"": {""C"": 0.1}, ""riemann_ts_lr"": {""C"": 0.0001}, ""all_lgbm"": {""num_leaves"": 15, ""n_estimators"": 400, ""learning_rate"": 0.03}}"
2,4,sub-069,2,0.99539,0.00074,0.00387,108,"{""spectral_lr"": {""C"": 0.1}, ""riemann_ts_lr"": {""C"": 0.0001}, ""all_lgbm"": {""num_leaves"": 15, ""n_estimators"": 400, ""learning_rate"": 0.03}}"
2,4,sub-072,2,0.98971,0.00027,0.01002,108,"{""spectral_lr"": {""C"": 0.1}, ""riemann_ts_lr"": {""C"": 0.0001}, ""all_lgbm"": {""num_leaves"": 15, ""n_estimators"": 400, ""learning_rate"": 0.03}}"
2,4,sub-083,2,0.13160,0.07752,0.79088,158,"{""spectral_lr"": {""C"": 0.1}, ""riemann_ts_lr"": {""C"": 0.0001}, ""all_lgbm"": {""num_leaves"": 15, ""n_estimators"": 400, ""learning_rate"": 0.03}}"
3,0,sub-003,0,0.12553,0.07532,0.79915,47,"{""spectral_lr"": {""C"": 0.01}, ""riemann_ts_lr"": {""C"": 0.0001}, ""all_lgbm"": {""num_leaves"": 7, ""n_estimators"": 200}}"
3,0,sub-011,0,0.13158,0.04084,0.82758,120,"{""spectral_lr"": {""C"": 0.01}, ""riemann_ts_lr"": {""C"": 0.0001}, ""all_lgbm"": {""num_leaves"": 7, ""n_estimators"": 200}}"
3,0,sub-015,0,0.84033,0.09207,0.06760,143,"{""spectral_lr"": {""C"": 0.01}, ""riemann_ts_lr"": {""C"": 0.0001}, ""all_lgbm"": {""num_leaves"": 7, ""n_estimators"": 200}}"
3,0,sub-018,0,0.91238,0.01498,0.07265,146,"{""spectral_lr"": {""C"": 0.01}, ""riemann_ts_lr"": {""C"": 0.0001}, ""all_lgbm"": {""num_leaves"": 7, ""n_estimators"": 200}}"
3,0,sub-025,0,0.03800,0.73701,0.22498,106,"{""spectral_lr"": {""C"": 0.01}, ""riemann_ts_lr"": {""C"": 0.0001}, ""all_lgbm"": {""num_leaves"": 7, ""n_estimators"": 200}}"
3,0,sub-026,0,0.94300,0.04081,0.01619,138,"{""spectral_lr"": {""C"": 0.01}, ""riemann_ts_lr"": {""C"": 0.0001}, ""all_lgbm"": {""num_leaves"": 7, ""n_estimators"": 200}}"
3,0,sub-029,0,0.99068,0.00141,0.00790,122,"{""spectral_lr"": {""C"": 0.01}, ""riemann_ts_lr"": {""C"": 0.0001}, ""all_lgbm"": {""num_leaves"": 7, ""n_estimators"": 200}}"
3,0,sub-035,0,0.79833,0.03176,0.16992,109,"{""spectral_lr"": {""C"": 0.01}, ""riemann_ts_lr"": {""C"": 0.0001}, ""all_lgbm"": {""num_leaves"": 7, ""n_estimators"": 200}}"
3,0,sub-039,1,0.06322,0.91461,0.02217,141,"{""spectral_lr"": {""C"": 0.01}, ""riemann_ts_lr"": {""C"": 0.0001}, ""all_lgbm"": {""num_leaves"": 7, ""n_estimators"": 200}}"
3,0,sub-042,1,0.06981,0.90690,0.02330,167,"{""spectral_lr"": {""C"": 0.01}, ""riemann_ts_lr"": {""C"": 0.0001}, ""all_lgbm"": {""num_leaves"": 7, ""n_estimators"": 200}}"
3,0,sub-046,1,0.13572,0.81385,0.05043,116,"{""spectral_lr"": {""C"": 0.01}, ""riemann_ts_lr"": {""C"": 0.0001}, ""all_lgbm"": {""num_leaves"": 7, ""n_estimators"": 200}}"
3,0,sub-062,1,0.08551,0.60948,0.30501,146,"{""spectral_lr"": {""C"": 0.01}, ""riemann_ts_lr"": {""C"": 0.0001}, ""all_lgbm"": {""num_leaves"": 7, ""n_estimators"": 200}}"
3,0,sub-064,1,0.01894,0.95613,0.02493,151,"{""spectral_lr"": {""C"": 0.01}, ""riemann_ts_lr"": {""C"": 0.0001}, ""all_lgbm"": {""num_leaves"": 7, ""n_estimators"": 200}}"
3,0,sub-067,2,0.07208,0.00955,0.91836,112,"{""spectral_lr"": {""C"": 0.01}, ""riemann_ts_lr"": {""C"": 0.0001}, ""all_lgbm"": {""num_leaves"": 7, ""n_estimators"": 200}}"
3,0,sub-074,2,0.10544,0.22351,0.67104,165,"{""spectral_lr"": {""C"": 0.01}, ""riemann_ts_lr"": {""C"": 0.0001}, ""all_lgbm"": {""num_leaves"": 7, ""n_estimators"": 200}}"
3,0,sub-076,2,0.88199,0.10748,0.01054,148,"{""spectral_lr"": {""C"": 0.01}, ""riemann_ts_lr"": {""C"": 0.0001}, ""all_lgbm"": {""num_leaves"": 7, ""n_estimators"": 200}}"
3,0,sub-077,2,0.35330,0.41981,0.22689,114,"{""spectral_lr"": {""C"": 0.01}, ""riemann_ts_lr"": {""C"": 0.0001}, ""all_lgbm"": {""num_leaves"": 7, ""n_estimators"": 200}}"
3,0,sub-084,2,0.78483,0.00868,0.20649,117,"{""spectral_lr"": {""C"": 0.01}, ""riemann_ts_lr"": {""C"": 0.0001}, ""all_lgbm"": {""num_leaves"": 7, ""n_estimators"": 200}}"
3,1,sub-007,0,0.92514,0.00574,0.06912,134,"{""spectral_lr"": {""C"": 0.001}, ""riemann_ts_lr"": {""C"": 0.0001}, ""all_lgbm"": {""num_leaves"": 15, ""n_estimators"": 400, ""learning_rate"": 0.03}}"
3,1,sub-014,0,0.87764,0.01590,0.10646,157,"{""spectral_lr"": {""C"": 0.001}, ""riemann_ts_lr"": {""C"": 0.0001}, ""all_lgbm"": {""num_leaves"": 15, ""n_estimators"": 400, ""learning_rate"": 0.03}}"
3,1,sub-016,0,0.83412,0.02179,0.14408,164,"{""spectral_lr"": {""C"": 0.001}, ""riemann_ts_lr"": {""C"": 0.0001}, ""all_lgbm"": {""num_leaves"": 15, ""n_estimators"": 400, ""learning_rate"": 0.03}}"
3,1,sub-024,0,0.97434,0.00691,0.01875,124,"{""spectral_lr"": {""C"": 0.001}, ""riemann_ts_lr"": {""C"": 0.0001}, ""all_lgbm"": {""num_leaves"": 15, ""n_estimators"": 400, ""learning_rate"": 0.03}}"
3,1,sub-030,0,0.85637,0.02949,0.11414,88,"{""spectral_lr"": {""C"": 0.001}, ""riemann_ts_lr"": {""C"": 0.0001}, ""all_lgbm"": {""num_leaves"": 15, ""n_estimators"": 400, ""learning_rate"": 0.03}}"
3,1,sub-032,0,0.94020,0.02022,0.03959,96,"{""spectral_lr"": {""C"": 0.001}, ""riemann_ts_lr"": {""C"": 0.0001}, ""all_lgbm"": {""num_leaves"": 15, ""n_estimators"": 400, ""learning_rate"": 0.03}}"
3,1,sub-034,0,0.86698,0.01587,0.11715,166,"{""spectral_lr"": {""C"": 0.001}, ""riemann_ts_lr"": {""C"": 0.0001}, ""all_lgbm"": {""num_leaves"": 15, ""n_estimators"": 400, ""learning_rate"": 0.03}}"
3,1,sub-038,1,0.13021,0.83705,0.03274,150,"{""spectral_lr"": {""C"": 0.001}, ""riemann_ts_lr"": {""C"": 0.0001}, ""all_lgbm"": {""num_leaves"": 15, ""n_estimators"": 400, ""learning_rate"": 0.03}}"
3,1,sub-041,1,0.09350,0.87072,0.03578,164,"{""spectral_lr"": {""C"": 0.001}, ""riemann_ts_lr"": {""C"": 0.0001}, ""all_lgbm"": {""num_leaves"": 15, ""n_estimators"": 400, ""learning_rate"": 0.03}}"
3,1,sub-051,1,0.08274,0.89482,0.02244,115,"{""spectral_lr"": {""C"": 0.001}, ""riemann_ts_lr"": {""C"": 0.0001}, ""all_lgbm"": {""num_leaves"": 15, ""n_estimators"": 400, ""learning_rate"": 0.03}}"
3,1,sub-053,1,0.64750,0.26622,0.08628,106,"{""spectral_lr"": {""C"": 0.001}, ""riemann_ts_lr"": {""C"": 0.0001}, ""all_lgbm"": {""num_leaves"": 15, ""n_estimators"": 400, ""learning_rate"": 0.03}}"
3,1,sub-063,1,0.36215,0.57416,0.06369,140,"{""spectral_lr"": {""C"": 0.001}, ""riemann_ts_lr"": {""C"": 0.0001}, ""all_lgbm"": {""num_leaves"": 15, ""n_estimators"": 400, ""learning_rate"": 0.03}}"
3,1,sub-065,1,0.19964,0.63764,0.16272,163,"{""spectral_lr"": {""C"": 0.001}, ""riemann_ts_lr"": {""C"": 0.0001}, ""all_lgbm"": {""num_leaves"": 15, ""n_estimators"": 400, ""learning_rate"": 0.03}}"
3,1,sub-066,2,0.60186,0.07592,0.32223,93,"{""spectral_lr"": {""C"": 0.001}, ""riemann_ts_lr"": {""C"": 0.0001}, ""all_lgbm"": {""num_leaves"": 15, ""n_estimators"": 400, ""learning_rate"": 0.03}}"
3,1,sub-068,2,0.63789,0.20834,0.15377,94,"{""spectral_lr"": {""C"": 0.001}, ""riemann_ts_lr"": {""C"": 0.0001}, ""all_lgbm"": {""num_leaves"": 15, ""n_estimators"": 400, ""learning_rate"": 0.03}}"
3,1,sub-071,2,0.45260,0.42337,0.12403,106,"{""spectral_lr"": {""C"": 0.001}, ""riemann_ts_lr"": {""C"": 0.0001}, ""all_lgbm"": {""num_leaves"": 15, ""n_estimators"": 400, ""learning_rate"": 0.03}}"
3,1,sub-075,2,0.16126,0.07429,0.76445,127,"{""spectral_lr"": {""C"": 0.001}, ""riemann_ts_lr"": {""C"": 0.0001}, ""all_lgbm"": {""num_leaves"": 15, ""n_estimators"": 400, ""learning_rate"": 0.03}}"
3,1,sub-082,2,0.37880,0.51727,0.10392,137,"{""spectral_lr"": {""C"": 0.001}, ""riemann_ts_lr"": {""C"": 0.0001}, ""all_lgbm"": {""num_leaves"": 15, ""n_estimators"": 400, ""learning_rate"": 0.03}}"
3,2,sub-005,0,0.88193,0.04433,0.07374,145,"{""spectral_lr"": {""C"": 0.1}, ""riemann_ts_lr"": {""C"": 0.001}, ""all_lgbm"": {""num_leaves"": 7, ""n_estimators"": 200}}"
3,2,sub-013,0,0.37354,0.00083,0.62563,151,"{""spectral_lr"": {""C"": 0.1}, ""riemann_ts_lr"": {""C"": 0.001}, ""all_lgbm"": {""num_leaves"": 7, ""n_estimators"": 200}}"
3,2,sub-017,0,0.69616,0.00071,0.30313,137,"{""spectral_lr"": {""C"": 0.1}, ""riemann_ts_lr"": {""C"": 0.001}, ""all_lgbm"": {""num_leaves"": 7, ""n_estimators"": 200}}"
3,2,sub-020,0,0.96336,0.01648,0.02016,160,"{""spectral_lr"": {""C"": 0.1}, ""riemann_ts_lr"": {""C"": 0.001}, ""all_lgbm"": {""num_leaves"": 7, ""n_estimators"": 200}}"
3,2,sub-022,0,0.46478,0.00724,0.52798,146,"{""spectral_lr"": {""C"": 0.1}, ""riemann_ts_lr"": {""C"": 0.001}, ""all_lgbm"": {""num_leaves"": 7, ""n_estimators"": 200}}"
3,2,sub-027,0,0.92895,0.00013,0.07092,145,"{""spectral_lr"": {""C"": 0.1}, ""riemann_ts_lr"": {""C"": 0.001}, ""all_lgbm"": {""num_leaves"": 7, ""n_estimators"": 200}}"
3,2,sub-036,0,0.10549,0.87581,0.01871,143,"{""spectral_lr"": {""C"": 0.1}, ""riemann_ts_lr"": {""C"": 0.001}, ""all_lgbm"": {""num_leaves"": 7, ""n_estimators"": 200}}"
3,2,sub-037,1,0.35401,0.57088,0.07511,140,"{""spectral_lr"": {""C"": 0.1}, ""riemann_ts_lr"": {""C"": 0.001}, ""all_lgbm"": {""num_leaves"": 7, ""n_estimators"": 200}}"
3,2,sub-047,1,0.07481,0.83880,0.08639,145,"{""spectral_lr"": {""C"": 0.1}, ""riemann_ts_lr"": {""C"": 0.001}, ""all_lgbm"": {""num_leaves"": 7, ""n_estimators"": 200}}"
3,2,sub-048,1,0.07937,0.90134,0.01929,162,"{""spectral_lr"": {""C"": 0.1}, ""riemann_ts_lr"": {""C"": 0.001}, ""all_lgbm"": {""num_leaves"": 7, ""n_estimators"": 200}}"
3,2,sub-050,1,0.32557,0.50395,0.17048,141,"{""spectral_lr"": {""C"": 0.1}, ""riemann_ts_lr"": {""C"": 0.001}, ""all_lgbm"": {""num_leaves"": 7, ""n_estimators"": 200}}"
3,2,sub-055,1,0.00177,0.99674,0.00149,140,"{""spectral_lr"": {""C"": 0.1}, ""riemann_ts_lr"": {""C"": 0.001}, ""all_lgbm"": {""num_leaves"": 7, ""n_estimators"": 200}}"
3,2,sub-057,1,0.55327,0.25245,0.19428,146,"{""spectral_lr"": {""C"": 0.1}, ""riemann_ts_lr"": {""C"": 0.001}, ""all_lgbm"": {""num_leaves"": 7, ""n_estimators"": 200}}"
3,2,sub-069,2,0.87908,0.00071,0.12020,108,"{""spectral_lr"": {""C"": 0.1}, ""riemann_ts_lr"": {""C"": 0.001}, ""all_lgbm"": {""num_leaves"": 7, ""n_estimators"": 200}}"
3,2,sub-070,2,0.46444,0.16867,0.36689,82,"{""spectral_lr"": {""C"": 0.1}, ""riemann_ts_lr"": {""C"": 0.001}, ""all_lgbm"": {""num_leaves"": 7, ""n_estimators"": 200}}"
3,2,sub-078,2,0.09728,0.29518,0.60754,150,"{""spectral_lr"": {""C"": 0.1}, ""riemann_ts_lr"": {""C"": 0.001}, ""all_lgbm"": {""num_leaves"": 7, ""n_estimators"": 200}}"
3,2,sub-080,2,0.03283,0.96371,0.00346,151,"{""spectral_lr"": {""C"": 0.1}, ""riemann_ts_lr"": {""C"": 0.001}, ""all_lgbm"": {""num_leaves"": 7, ""n_estimators"": 200}}"
3,2,sub-081,2,0.88742,0.00442,0.10816,142,"{""spectral_lr"": {""C"": 0.1}, ""riemann_ts_lr"": {""C"": 0.001}, ""all_lgbm"": {""num_leaves"": 7, ""n_estimators"": 200}}"
3,3,sub-004,0,0.67859,0.00392,0.31750,120,"{""spectral_lr"": {""C"": 0.01}, ""riemann_ts_lr"": {""C"": 0.001}, ""all_lgbm"": {""num_leaves"": 15, ""n_estimators"": 400, ""learning_rate"": 0.03}}"
3,3,sub-006,0,0.08688,0.79482,0.11829,106,"{""spectral_lr"": {""C"": 0.01}, ""riemann_ts_lr"": {""C"": 0.001}, ""all_lgbm"": {""num_leaves"": 15, ""n_estimators"": 400, ""learning_rate"": 0.03}}"
3,3,sub-010,0,0.06919,0.52634,0.40448,225,"{""spectral_lr"": {""C"": 0.01}, ""riemann_ts_lr"": {""C"": 0.001}, ""all_lgbm"": {""num_leaves"": 15, ""n_estimators"": 400, ""learning_rate"": 0.03}}"
3,3,sub-019,0,0.25087,0.32133,0.42780,161,"{""spectral_lr"": {""C"": 0.01}, ""riemann_ts_lr"": {""C"": 0.001}, ""all_lgbm"": {""num_leaves"": 15, ""n_estimators"": 400, ""learning_rate"": 0.03}}"
3,3,sub-023,0,0.87615,0.05598,0.06787,120,"{""spectral_lr"": {""C"": 0.01}, ""riemann_ts_lr"": {""C"": 0.001}, ""all_lgbm"": {""num_leaves"": 15, ""n_estimators"": 400, ""learning_rate"": 0.03}}"
3,3,sub-028,0,0.96830,0.00121,0.03048,131,"{""spectral_lr"": {""C"": 0.01}, ""riemann_ts_lr"": {""C"": 0.001}, ""all_lgbm"": {""num_leaves"": 15, ""n_estimators"": 400, ""learning_rate"": 0.03}}"
3,3,sub-031,0,0.50881,0.40452,0.08667,183,"{""spectral_lr"": {""C"": 0.01}, ""riemann_ts_lr"": {""C"": 0.001}, ""all_lgbm"": {""num_leaves"": 15, ""n_estimators"": 400, ""learning_rate"": 0.03}}"
3,3,sub-044,1,0.05758,0.92708,0.01534,163,"{""spectral_lr"": {""C"": 0.01}, ""riemann_ts_lr"": {""C"": 0.001}, ""all_lgbm"": {""num_leaves"": 15, ""n_estimators"": 400, ""learning_rate"": 0.03}}"
3,3,sub-045,1,0.22940,0.73000,0.04060,127,"{""spectral_lr"": {""C"": 0.01}, ""riemann_ts_lr"": {""C"": 0.001}, ""all_lgbm"": {""num_leaves"": 15, ""n_estimators"": 400, ""learning_rate"": 0.03}}"
3,3,sub-054,1,0.24688,0.34019,0.41294,125,"{""spectral_lr"": {""C"": 0.01}, ""riemann_ts_lr"": {""C"": 0.001}, ""all_lgbm"": {""num_leaves"": 15, ""n_estimators"": 400, ""learning_rate"": 0.03}}"
3,3,sub-056,1,0.25357,0.60579,0.14064,96,"{""spectral_lr"": {""C"": 0.01}, ""riemann_ts_lr"": {""C"": 0.001}, ""all_lgbm"": {""num_leaves"": 15, ""n_estimators"": 400, ""learning_rate"": 0.03}}"
3,3,sub-058,1,0.04696,0.82679,0.12625,123,"{""spectral_lr"": {""C"": 0.01}, ""riemann_ts_lr"": {""C"": 0.001}, ""all_lgbm"": {""num_leaves"": 15, ""n_estimators"": 400, ""learning_rate"": 0.03}}"
3,3,sub-061,1,0.33863,0.31017,0.35120,130,"{""spectral_lr"": {""C"": 0.01}, ""riemann_ts_lr"": {""C"": 0.001}, ""all_lgbm"": {""num_leaves"": 15, ""n_estimators"": 400, ""learning_rate"": 0.03}}"
3,3,sub-072,2,0.86750,0.00144,0.13106,108,"{""spectral_lr"": {""C"": 0.01}, ""riemann_ts_lr"": {""C"": 0.001}, ""all_lgbm"": {""num_leaves"": 15, ""n_estimators"": 400, ""learning_rate"": 0.03}}"
3,3,sub-073,2,0.04543,0.12024,0.83433,143,"{""spectral_lr"": {""C"": 0.01}, ""riemann_ts_lr"": {""C"": 0.001}, ""all_lgbm"": {""num_leaves"": 15, ""n_estimators"": 400, ""learning_rate"": 0.03}}"
3,3,sub-079,2,0.13829,0.22998,0.63173,135,"{""spectral_lr"": {""C"": 0.01}, ""riemann_ts_lr"": {""C"": 0.001}, ""all_lgbm"": {""num_leaves"": 15, ""n_estimators"": 400, ""learning_rate"": 0.03}}"
3,3,sub-087,2,0.69606,0.02416,0.27978,99,"{""spectral_lr"": {""C"": 0.01}, ""riemann_ts_lr"": {""C"": 0.001}, ""all_lgbm"": {""num_leaves"": 15, ""n_estimators"": 400, ""learning_rate"": 0.03}}"
3,4,sub-001,0,0.74251,0.03803,0.21946,100,"{""spectral_lr"": {""C"": 0.0001}, ""riemann_ts_lr"": {""C"": 0.0001}, ""all_lgbm"": {""num_leaves"": 15, ""n_estimators"": 400, ""learning_rate"": 0.03}}"
3,4,sub-002,0,0.30885,0.22506,0.46610,139,"{""spectral_lr"": {""C"": 0.0001}, ""riemann_ts_lr"": {""C"": 0.0001}, ""all_lgbm"": {""num_leaves"": 15, ""n_estimators"": 400, ""learning_rate"": 0.03}}"
3,4,sub-008,0,0.84783,0.03174,0.12043,138,"{""spectral_lr"": {""C"": 0.0001}, ""riemann_ts_lr"": {""C"": 0.0001}, ""all_lgbm"": {""num_leaves"": 15, ""n_estimators"": 400, ""learning_rate"": 0.03}}"
3,4,sub-009,0,0.33766,0.37426,0.28808,106,"{""spectral_lr"": {""C"": 0.0001}, ""riemann_ts_lr"": {""C"": 0.0001}, ""all_lgbm"": {""num_leaves"": 15, ""n_estimators"": 400, ""learning_rate"": 0.03}}"
3,4,sub-012,0,0.11821,0.66659,0.21521,152,"{""spectral_lr"": {""C"": 0.0001}, ""riemann_ts_lr"": {""C"": 0.0001}, ""all_lgbm"": {""num_leaves"": 15, ""n_estimators"": 400, ""learning_rate"": 0.03}}"
3,4,sub-021,0,0.31691,0.32426,0.35883,156,"{""spectral_lr"": {""C"": 0.0001}, ""riemann_ts_lr"": {""C"": 0.0001}, ""all_lgbm"": {""num_leaves"": 15, ""n_estimators"": 400, ""learning_rate"": 0.03}}"
3,4,sub-033,0,0.34643,0.30171,0.35186,128,"{""spectral_lr"": {""C"": 0.0001}, ""riemann_ts_lr"": {""C"": 0.0001}, ""all_lgbm"": {""num_leaves"": 15, ""n_estimators"": 400, ""learning_rate"": 0.03}}"
3,4,sub-040,1,0.06217,0.77811,0.15972,132,"{""spectral_lr"": {""C"": 0.0001}, ""riemann_ts_lr"": {""C"": 0.0001}, ""all_lgbm"": {""num_leaves"": 15, ""n_estimators"": 400, ""learning_rate"": 0.03}}"
3,4,sub-043,1,0.08467,0.17124,0.74410,152,"{""spectral_lr"": {""C"": 0.0001}, ""riemann_ts_lr"": {""C"": 0.0001}, ""all_lgbm"": {""num_leaves"": 15, ""n_estimators"": 400, ""learning_rate"": 0.03}}"
3,4,sub-049,1,0.02910,0.94335,0.02755,131,"{""spectral_lr"": {""C"": 0.0001}, ""riemann_ts_lr"": {""C"": 0.0001}, ""all_lgbm"": {""num_leaves"": 15, ""n_estimators"": 400, ""learning_rate"": 0.03}}"
3,4,sub-052,1,0.09380,0.78140,0.12479,133,"{""spectral_lr"": {""C"": 0.0001}, ""riemann_ts_lr"": {""C"": 0.0001}, ""all_lgbm"": {""num_leaves"": 15, ""n_estimators"": 400, ""learning_rate"": 0.03}}"
3,4,sub-059,1,0.25593,0.52792,0.21615,141,"{""spectral_lr"": {""C"": 0.0001}, ""riemann_ts_lr"": {""C"": 0.0001}, ""all_lgbm"": {""num_leaves"": 15, ""n_estimators"": 400, ""learning_rate"": 0.03}}"
3,4,sub-060,1,0.06705,0.84555,0.08740,126,"{""spectral_lr"": {""C"": 0.0001}, ""riemann_ts_lr"": {""C"": 0.0001}, ""all_lgbm"": {""num_leaves"": 15, ""n_estimators"": 400, ""learning_rate"": 0.03}}"
3,4,sub-083,2,0.21641,0.16389,0.61971,158,"{""spectral_lr"": {""C"": 0.0001}, ""riemann_ts_lr"": {""C"": 0.0001}, ""all_lgbm"": {""num_leaves"": 15, ""n_estimators"": 400, ""learning_rate"": 0.03}}"
3,4,sub-085,2,0.83340,0.01120,0.15540,91,"{""spectral_lr"": {""C"": 0.0001}, ""riemann_ts_lr"": {""C"": 0.0001}, ""all_lgbm"": {""num_leaves"": 15, ""n_estimators"": 400, ""learning_rate"": 0.03}}"
3,4,sub-086,2,0.21192,0.40332,0.38476,40,"{""spectral_lr"": {""C"": 0.0001}, ""riemann_ts_lr"": {""C"": 0.0001}, ""all_lgbm"": {""num_leaves"": 15, ""n_estimators"": 400, ""learning_rate"": 0.03}}"
3,4,sub-088,2,0.20899,0.44319,0.34782,132,"{""spectral_lr"": {""C"": 0.0001}, ""riemann_ts_lr"": {""C"": 0.0001}, ""all_lgbm"": {""num_leaves"": 15, ""n_estimators"": 400, ""learning_rate"": 0.03}}"
4,0,sub-006,0,0.28090,0.54254,0.17656,106,"{""spectral_lr"": {""C"": 0.01}, ""riemann_ts_lr"": {""C"": 0.01}, ""all_lgbm"": {""num_leaves"": 15, ""n_estimators"": 400, ""learning_rate"": 0.03}}"
4,0,sub-007,0,0.93996,0.00076,0.05927,134,"{""spectral_lr"": {""C"": 0.01}, ""riemann_ts_lr"": {""C"": 0.01}, ""all_lgbm"": {""num_leaves"": 15, ""n_estimators"": 400, ""learning_rate"": 0.03}}"
4,0,sub-008,0,0.94520,0.01386,0.04094,138,"{""spectral_lr"": {""C"": 0.01}, ""riemann_ts_lr"": {""C"": 0.01}, ""all_lgbm"": {""num_leaves"": 15, ""n_estimators"": 400, ""learning_rate"": 0.03}}"
4,0,sub-012,0,0.03604,0.91458,0.04939,152,"{""spectral_lr"": {""C"": 0.01}, ""riemann_ts_lr"": {""C"": 0.01}, ""all_lgbm"": {""num_leaves"": 15, ""n_estimators"": 400, ""learning_rate"": 0.03}}"
4,0,sub-019,0,0.33667,0.39076,0.27256,161,"{""spectral_lr"": {""C"": 0.01}, ""riemann_ts_lr"": {""C"": 0.01}, ""all_lgbm"": {""num_leaves"": 15, ""n_estimators"": 400, ""learning_rate"": 0.03}}"
4,0,sub-030,0,0.97842,0.01338,0.00820,88,"{""spectral_lr"": {""C"": 0.01}, ""riemann_ts_lr"": {""C"": 0.01}, ""all_lgbm"": {""num_leaves"": 15, ""n_estimators"": 400, ""learning_rate"": 0.03}}"
4,0,sub-031,0,0.36877,0.60914,0.02209,183,"{""spectral_lr"": {""C"": 0.01}, ""riemann_ts_lr"": {""C"": 0.01}, ""all_lgbm"": {""num_leaves"": 15, ""n_estimators"": 400, ""learning_rate"": 0.03}}"
4,0,sub-035,0,0.86757,0.00120,0.13124,109,"{""spectral_lr"": {""C"": 0.01}, ""riemann_ts_lr"": {""C"": 0.01}, ""all_lgbm"": {""num_leaves"": 15, ""n_estimators"": 400, ""learning_rate"": 0.03}}"
4,0,sub-041,1,0.00263,0.99568,0.00168,164,"{""spectral_lr"": {""C"": 0.01}, ""riemann_ts_lr"": {""C"": 0.01}, ""all_lgbm"": {""num_leaves"": 15, ""n_estimators"": 400, ""learning_rate"": 0.03}}"
4,0,sub-043,1,0.02015,0.61712,0.36274,152,"{""spectral_lr"": {""C"": 0.01}, ""riemann_ts_lr"": {""C"": 0.01}, ""all_lgbm"": {""num_leaves"": 15, ""n_estimators"": 400, ""learning_rate"": 0.03}}"
4,0,sub-047,1,0.01675,0.82939,0.15386,145,"{""spectral_lr"": {""C"": 0.01}, ""riemann_ts_lr"": {""C"": 0.01}, ""all_lgbm"": {""num_leaves"": 15, ""n_estimators"": 400, ""learning_rate"": 0.03}}"
4,0,sub-049,1,0.00237,0.99482,0.00281,131,"{""spectral_lr"": {""C"": 0.01}, ""riemann_ts_lr"": {""C"": 0.01}, ""all_lgbm"": {""num_leaves"": 15, ""n_estimators"": 400, ""learning_rate"": 0.03}}"
4,0,sub-057,1,0.20417,0.62079,0.17504,146,"{""spectral_lr"": {""C"": 0.01}, ""riemann_ts_lr"": {""C"": 0.01}, ""all_lgbm"": {""num_leaves"": 15, ""n_estimators"": 400, ""learning_rate"": 0.03}}"
4,0,sub-066,2,0.47783,0.03832,0.48386,93,"{""spectral_lr"": {""C"": 0.01}, ""riemann_ts_lr"": {""C"": 0.01}, ""all_lgbm"": {""num_leaves"": 15, ""n_estimators"": 400, ""learning_rate"": 0.03}}"
4,0,sub-073,2,0.03752,0.89075,0.07174,143,"{""spectral_lr"": {""C"": 0.01}, ""riemann_ts_lr"": {""C"": 0.01}, ""all_lgbm"": {""num_leaves"": 15, ""n_estimators"": 400, ""learning_rate"": 0.03}}"
4,0,sub-074,2,0.22434,0.58002,0.19564,165,"{""spectral_lr"": {""C"": 0.01}, ""riemann_ts_lr"": {""C"": 0.01}, ""all_lgbm"": {""num_leaves"": 15, ""n_estimators"": 400, ""learning_rate"": 0.03}}"
4,0,sub-075,2,0.09758,0.06172,0.84070,127,"{""spectral_lr"": {""C"": 0.01}, ""riemann_ts_lr"": {""C"": 0.01}, ""all_lgbm"": {""num_leaves"": 15, ""n_estimators"": 400, ""learning_rate"": 0.03}}"
4,0,sub-088,2,0.55111,0.26024,0.18865,132,"{""spectral_lr"": {""C"": 0.01}, ""riemann_ts_lr"": {""C"": 0.01}, ""all_lgbm"": {""num_leaves"": 15, ""n_estimators"": 400, ""learning_rate"": 0.03}}"
4,1,sub-003,0,0.46459,0.29220,0.24320,47,"{""spectral_lr"": {""C"": 0.001}, ""riemann_ts_lr"": {""C"": 0.001}, ""all_lgbm"": {""num_leaves"": 15, ""n_estimators"": 400, ""learning_rate"": 0.03}}"
4,1,sub-005,0,0.80798,0.06124,0.13078,145,"{""spectral_lr"": {""C"": 0.001}, ""riemann_ts_lr"": {""C"": 0.001}, ""all_lgbm"": {""num_leaves"": 15, ""n_estimators"": 400, ""learning_rate"": 0.03}}"
4,1,sub-009,0,0.33614,0.11625,0.54761,106,"{""spectral_lr"": {""C"": 0.001}, ""riemann_ts_lr"": {""C"": 0.001}, ""all_lgbm"": {""num_leaves"": 15, ""n_estimators"": 400, ""learning_rate"": 0.03}}"
4,1,sub-010,0,0.07078,0.69385,0.23538,225,"{""spectral_lr"": {""C"": 0.001}, ""riemann_ts_lr"": {""C"": 0.001}, ""all_lgbm"": {""num_leaves"": 15, ""n_estimators"": 400, ""learning_rate"": 0.03}}"
4,1,sub-018,0,0.95413,0.02370,0.02217,146,"{""spectral_lr"": {""C"": 0.001}, ""riemann_ts_lr"": {""C"": 0.001}, ""all_lgbm"": {""num_leaves"": 15, ""n_estimators"": 400, ""learning_rate"": 0.03}}"
4,1,sub-024,0,0.98459,0.00461,0.01080,124,"{""spectral_lr"": {""C"": 0.001}, ""riemann_ts_lr"": {""C"": 0.001}, ""all_lgbm"": {""num_leaves"": 15, ""n_estimators"": 400, ""learning_rate"": 0.03}}"
4,1,sub-027,0,0.95097,0.00244,0.04659,145,"{""spectral_lr"": {""C"": 0.001}, ""riemann_ts_lr"": {""C"": 0.001}, ""all_lgbm"": {""num_leaves"": 15, ""n_estimators"": 400, ""learning_rate"": 0.03}}"
4,1,sub-039,1,0.06264,0.92476,0.01260,141,"{""spectral_lr"": {""C"": 0.001}, ""riemann_ts_lr"": {""C"": 0.001}, ""all_lgbm"": {""num_leaves"": 15, ""n_estimators"": 400, ""learning_rate"": 0.03}}"
4,1,sub-042,1,0.02278,0.96563,0.01159,167,"{""spectral_lr"": {""C"": 0.001}, ""riemann_ts_lr"": {""C"": 0.001}, ""all_lgbm"": {""num_leaves"": 15, ""n_estimators"": 400, ""learning_rate"": 0.03}}"
4,1,sub-053,1,0.60319,0.19135,0.20546,106,"{""spectral_lr"": {""C"": 0.001}, ""riemann_ts_lr"": {""C"": 0.001}, ""all_lgbm"": {""num_leaves"": 15, ""n_estimators"": 400, ""learning_rate"": 0.03}}"
4,1,sub-055,1,0.01402,0.95899,0.02698,140,"{""spectral_lr"": {""C"": 0.001}, ""riemann_ts_lr"": {""C"": 0.001}, ""all_lgbm"": {""num_leaves"": 15, ""n_estimators"": 400, ""learning_rate"": 0.03}}"
4,1,sub-056,1,0.36941,0.58325,0.04734,96,"{""spectral_lr"": {""C"": 0.001}, ""riemann_ts_lr"": {""C"": 0.001}, ""all_lgbm"": {""num_leaves"": 15, ""n_estimators"": 400, ""learning_rate"": 0.03}}"
4,1,sub-061,1,0.34956,0.25505,0.39539,130,"{""spectral_lr"": {""C"": 0.001}, ""riemann_ts_lr"": {""C"": 0.001}, ""all_lgbm"": {""num_leaves"": 15, ""n_estimators"": 400, ""learning_rate"": 0.03}}"
4,1,sub-068,2,0.45676,0.38225,0.16099,94,"{""spectral_lr"": {""C"": 0.001}, ""riemann_ts_lr"": {""C"": 0.001}, ""all_lgbm"": {""num_leaves"": 15, ""n_estimators"": 400, ""learning_rate"": 0.03}}"
4,1,sub-072,2,0.88232,0.00555,0.11213,108,"{""spectral_lr"": {""C"": 0.001}, ""riemann_ts_lr"": {""C"": 0.001}, ""all_lgbm"": {""num_leaves"": 15, ""n_estimators"": 400, ""learning_rate"": 0.03}}"
4,1,sub-081,2,0.95881,0.00862,0.03256,142,"{""spectral_lr"": {""C"": 0.001}, ""riemann_ts_lr"": {""C"": 0.001}, ""all_lgbm"": {""num_leaves"": 15, ""n_estimators"": 400, ""learning_rate"": 0.03}}"
4,1,sub-082,2,0.31034,0.53655,0.15311,137,"{""spectral_lr"": {""C"": 0.001}, ""riemann_ts_lr"": {""C"": 0.001}, ""all_lgbm"": {""num_leaves"": 15, ""n_estimators"": 400, ""learning_rate"": 0.03}}"
4,1,sub-086,2,0.06976,0.42505,0.50519,40,"{""spectral_lr"": {""C"": 0.001}, ""riemann_ts_lr"": {""C"": 0.001}, ""all_lgbm"": {""num_leaves"": 15, ""n_estimators"": 400, ""learning_rate"": 0.03}}"
4,2,sub-002,0,0.31230,0.18856,0.49914,139,"{""spectral_lr"": {""C"": 0.001}, ""riemann_ts_lr"": {""C"": 0.0001}, ""all_lgbm"": {""num_leaves"": 7, ""n_estimators"": 200}}"
4,2,sub-014,0,0.84343,0.02084,0.13574,157,"{""spectral_lr"": {""C"": 0.001}, ""riemann_ts_lr"": {""C"": 0.0001}, ""all_lgbm"": {""num_leaves"": 7, ""n_estimators"": 200}}"
4,2,sub-015,0,0.67412,0.27600,0.04988,143,"{""spectral_lr"": {""C"": 0.001}, ""riemann_ts_lr"": {""C"": 0.0001}, ""all_lgbm"": {""num_leaves"": 7, ""n_estimators"": 200}}"
4,2,sub-023,0,0.78123,0.09102,0.12776,120,"{""spectral_lr"": {""C"": 0.001}, ""riemann_ts_lr"": {""C"": 0.0001}, ""all_lgbm"": {""num_leaves"": 7, ""n_estimators"": 200}}"
4,2,sub-032,0,0.84677,0.03319,0.12004,96,"{""spectral_lr"": {""C"": 0.001}, ""riemann_ts_lr"": {""C"": 0.0001}, ""all_lgbm"": {""num_leaves"": 7, ""n_estimators"": 200}}"
4,2,sub-033,0,0.21781,0.66798,0.11421,128,"{""spectral_lr"": {""C"": 0.001}, ""riemann_ts_lr"": {""C"": 0.0001}, ""all_lgbm"": {""num_leaves"": 7, ""n_estimators"": 200}}"
4,2,sub-036,0,0.08867,0.85585,0.05548,143,"{""spectral_lr"": {""C"": 0.001}, ""riemann_ts_lr"": {""C"": 0.0001}, ""all_lgbm"": {""num_leaves"": 7, ""n_estimators"": 200}}"
4,2,sub-037,1,0.21748,0.62915,0.15338,140,"{""spectral_lr"": {""C"": 0.001}, ""riemann_ts_lr"": {""C"": 0.0001}, ""all_lgbm"": {""num_leaves"": 7, ""n_estimators"": 200}}"
4,2,sub-038,1,0.19177,0.74757,0.06066,150,"{""spectral_lr"": {""C"": 0.001}, ""riemann_ts_lr"": {""C"": 0.0001}, ""all_lgbm"": {""num_leaves"": 7, ""n_estimators"": 200}}"
4,2,sub-040,1,0.18473,0.56665,0.24862,132,"{""spectral_lr"": {""C"": 0.001}, ""riemann_ts_lr"": {""C"": 0.0001}, ""all_lgbm"": {""num_leaves"": 7, ""n_estimators"": 200}}"
4,2,sub-050,1,0.29014,0.31787,0.39199,141,"{""spectral_lr"": {""C"": 0.001}, ""riemann_ts_lr"": {""C"": 0.0001}, ""all_lgbm"": {""num_leaves"": 7, ""n_estimators"": 200}}"
4,2,sub-051,1,0.15630,0.78303,0.06067,115,"{""spectral_lr"": {""C"": 0.001}, ""riemann_ts_lr"": {""C"": 0.0001}, ""all_lgbm"": {""num_leaves"": 7, ""n_estimators"": 200}}"
4,2,sub-059,1,0.25561,0.62878,0.11560,141,"{""spectral_lr"": {""C"": 0.001}, ""riemann_ts_lr"": {""C"": 0.0001}, ""all_lgbm"": {""num_leaves"": 7, ""n_estimators"": 200}}"
4,2,sub-067,2,0.06770,0.06543,0.86687,112,"{""spectral_lr"": {""C"": 0.001}, ""riemann_ts_lr"": {""C"": 0.0001}, ""all_lgbm"": {""num_leaves"": 7, ""n_estimators"": 200}}"
4,2,sub-070,2,0.56984,0.17767,0.25249,82,"{""spectral_lr"": {""C"": 0.001}, ""riemann_ts_lr"": {""C"": 0.0001}, ""all_lgbm"": {""num_leaves"": 7, ""n_estimators"": 200}}"
4,2,sub-076,2,0.51329,0.42772,0.05899,148,"{""spectral_lr"": {""C"": 0.001}, ""riemann_ts_lr"": {""C"": 0.0001}, ""all_lgbm"": {""num_leaves"": 7, ""n_estimators"": 200}}"
4,2,sub-080,2,0.04507,0.94103,0.01390,151,"{""spectral_lr"": {""C"": 0.001}, ""riemann_ts_lr"": {""C"": 0.0001}, ""all_lgbm"": {""num_leaves"": 7, ""n_estimators"": 200}}"
4,2,sub-084,2,0.80685,0.01972,0.17343,117,"{""spectral_lr"": {""C"": 0.001}, ""riemann_ts_lr"": {""C"": 0.0001}, ""all_lgbm"": {""num_leaves"": 7, ""n_estimators"": 200}}"
4,3,sub-001,0,0.67399,0.10119,0.22482,100,"{""spectral_lr"": {""C"": 0.0001}, ""riemann_ts_lr"": {""C"": 0.0001}, ""all_lgbm"": {""num_leaves"": 15, ""n_estimators"": 400, ""learning_rate"": 0.03}}"
4,3,sub-011,0,0.44452,0.06226,0.49322,120,"{""spectral_lr"": {""C"": 0.0001}, ""riemann_ts_lr"": {""C"": 0.0001}, ""all_lgbm"": {""num_leaves"": 15, ""n_estimators"": 400, ""learning_rate"": 0.03}}"
4,3,sub-013,0,0.62449,0.03279,0.34272,151,"{""spectral_lr"": {""C"": 0.0001}, ""riemann_ts_lr"": {""C"": 0.0001}, ""all_lgbm"": {""num_leaves"": 15, ""n_estimators"": 400, ""learning_rate"": 0.03}}"
4,3,sub-017,0,0.86963,0.01681,0.11355,137,"{""spectral_lr"": {""C"": 0.0001}, ""riemann_ts_lr"": {""C"": 0.0001}, ""all_lgbm"": {""num_leaves"": 15, ""n_estimators"": 400, ""learning_rate"": 0.03}}"
4,3,sub-021,0,0.42923,0.22226,0.34851,156,"{""spectral_lr"": {""C"": 0.0001}, ""riemann_ts_lr"": {""C"": 0.0001}, ""all_lgbm"": {""num_leaves"": 15, ""n_estimators"": 400, ""learning_rate"": 0.03}}"
4,3,sub-022,0,0.70831,0.02152,0.27017,146,"{""spectral_lr"": {""C"": 0.0001}, ""riemann_ts_lr"": {""C"": 0.0001}, ""all_lgbm"": {""num_leaves"": 15, ""n_estimators"": 400, ""learning_rate"": 0.03}}"
4,3,sub-026,0,0.88423,0.05679,0.05898,138,"{""spectral_lr"": {""C"": 0.0001}, ""riemann_ts_lr"": {""C"": 0.0001}, ""all_lgbm"": {""num_leaves"": 15, ""n_estimators"": 400, ""learning_rate"": 0.03}}"
4,3,sub-045,1,0.41964,0.47999,0.10037,127,"{""spectral_lr"": {""C"": 0.0001}, ""riemann_ts_lr"": {""C"": 0.0001}, ""all_lgbm"": {""num_leaves"": 15, ""n_estimators"": 400, ""learning_rate"": 0.03}}"
4,3,sub-046,1,0.23979,0.66481,0.09540,116,"{""spectral_lr"": {""C"": 0.0001}, ""riemann_ts_lr"": {""C"": 0.0001}, ""all_lgbm"": {""num_leaves"": 15, ""n_estimators"": 400, ""learning_rate"": 0.03}}"
4,3,sub-054,1,0.35345,0.51041,0.13614,125,"{""spectral_lr"": {""C"": 0.0001}, ""riemann_ts_lr"": {""C"": 0.0001}, ""all_lgbm"": {""num_leaves"": 15, ""n_estimators"": 400, ""learning_rate"": 0.03}}"
4,3,sub-058,1,0.04662,0.84148,0.11190,123,"{""spectral_lr"": {""C"": 0.0001}, ""riemann_ts_lr"": {""C"": 0.0001}, ""all_lgbm"": {""num_leaves"": 15, ""n_estimators"": 400, ""learning_rate"": 0.03}}"
4,3,sub-064,1,0.04072,0.91666,0.04261,151,"{""spectral_lr"": {""C"": 0.0001}, ""riemann_ts_lr"": {""C"": 0.0001}, ""all_lgbm"": {""num_leaves"": 15, ""n_estimators"": 400, ""learning_rate"": 0.03}}"
4,3,sub-065,1,0.16711,0.68817,0.14472,163,"{""spectral_lr"": {""C"": 0.0001}, ""riemann_ts_lr"": {""C"": 0.0001}, ""all_lgbm"": {""num_leaves"": 15, ""n_estimators"": 400, ""learning_rate"": 0.03}}"
4,3,sub-071,2,0.29503,0.53564,0.16933,106,"{""spectral_lr"": {""C"": 0.0001}, ""riemann_ts_lr"": {""C"": 0.0001}, ""all_lgbm"": {""num_leaves"": 15, ""n_estimators"": 400, ""learning_rate"": 0.03}}"
4,3,sub-078,2,0.15259,0.30748,0.53993,150,"{""spectral_lr"": {""C"": 0.0001}, ""riemann_ts_lr"": {""C"": 0.0001}, ""all_lgbm"": {""num_leaves"": 15, ""n_estimators"": 400, ""learning_rate"": 0.03}}"
4,3,sub-085,2,0.68038,0.01309,0.30653,91,"{""spectral_lr"": {""C"": 0.0001}, ""riemann_ts_lr"": {""C"": 0.0001}, ""all_lgbm"": {""num_leaves"": 15, ""n_estimators"": 400, ""learning_rate"": 0.03}}"
4,3,sub-087,2,0.44854,0.12548,0.42598,99,"{""spectral_lr"": {""C"": 0.0001}, ""riemann_ts_lr"": {""C"": 0.0001}, ""all_lgbm"": {""num_leaves"": 15, ""n_estimators"": 400, ""learning_rate"": 0.03}}"
4,4,sub-004,0,0.93991,0.00052,0.05957,120,"{""spectral_lr"": {""C"": 0.1}, ""riemann_ts_lr"": {""C"": 0.0001}, ""all_lgbm"": {""num_leaves"": 15, ""n_estimators"": 400, ""learning_rate"": 0.03}}"
4,4,sub-016,0,0.97639,0.00525,0.01836,164,"{""spectral_lr"": {""C"": 0.1}, ""riemann_ts_lr"": {""C"": 0.0001}, ""all_lgbm"": {""num_leaves"": 15, ""n_estimators"": 400, ""learning_rate"": 0.03}}"
4,4,sub-020,0,0.88857,0.02238,0.08906,160,"{""spectral_lr"": {""C"": 0.1}, ""riemann_ts_lr"": {""C"": 0.0001}, ""all_lgbm"": {""num_leaves"": 15, ""n_estimators"": 400, ""learning_rate"": 0.03}}"
4,4,sub-025,0,0.02074,0.88121,0.09805,106,"{""spectral_lr"": {""C"": 0.1}, ""riemann_ts_lr"": {""C"": 0.0001}, ""all_lgbm"": {""num_leaves"": 15, ""n_estimators"": 400, ""learning_rate"": 0.03}}"
4,4,sub-028,0,0.97955,0.00033,0.02013,131,"{""spectral_lr"": {""C"": 0.1}, ""riemann_ts_lr"": {""C"": 0.0001}, ""all_lgbm"": {""num_leaves"": 15, ""n_estimators"": 400, ""learning_rate"": 0.03}}"
4,4,sub-029,0,0.99562,0.00011,0.00427,122,"{""spectral_lr"": {""C"": 0.1}, ""riemann_ts_lr"": {""C"": 0.0001}, ""all_lgbm"": {""num_leaves"": 15, ""n_estimators"": 400, ""learning_rate"": 0.03}}"
4,4,sub-034,0,0.67193,0.00273,0.32534,166,"{""spectral_lr"": {""C"": 0.1}, ""riemann_ts_lr"": {""C"": 0.0001}, ""all_lgbm"": {""num_leaves"": 15, ""n_estimators"": 400, ""learning_rate"": 0.03}}"
4,4,sub-044,1,0.12757,0.84795,0.02448,163,"{""spectral_lr"": {""C"": 0.1}, ""riemann_ts_lr"": {""C"": 0.0001}, ""all_lgbm"": {""num_leaves"": 15, ""n_estimators"": 400, ""learning_rate"": 0.03}}"
4,4,sub-048,1,0.01446,0.98344,0.00210,162,"{""spectral_lr"": {""C"": 0.1}, ""riemann_ts_lr"": {""C"": 0.0001}, ""all_lgbm"": {""num_leaves"": 15, ""n_estimators"": 400, ""learning_rate"": 0.03}}"
4,4,sub-052,1,0.04754,0.91008,0.04238,133,"{""spectral_lr"": {""C"": 0.1}, ""riemann_ts_lr"": {""C"": 0.0001}, ""all_lgbm"": {""num_leaves"": 15, ""n_estimators"": 400, ""learning_rate"": 0.03}}"
4,4,sub-060,1,0.01333,0.97859,0.00808,126,"{""spectral_lr"": {""C"": 0.1}, ""riemann_ts_lr"": {""C"": 0.0001}, ""all_lgbm"": {""num_leaves"": 15, ""n_estimators"": 400, ""learning_rate"": 0.03}}"
4,4,sub-062,1,0.11662,0.79847,0.08491,146,"{""spectral_lr"": {""C"": 0.1}, ""riemann_ts_lr"": {""C"": 0.0001}, ""all_lgbm"": {""num_leaves"": 15, ""n_estimators"": 400, ""learning_rate"": 0.03}}"
4,4,sub-063,1,0.16576,0.70101,0.13323,140,"{""spectral_lr"": {""C"": 0.1}, ""riemann_ts_lr"": {""C"": 0.0001}, ""all_lgbm"": {""num_leaves"": 15, ""n_estimators"": 400, ""learning_rate"": 0.03}}"
4,4,sub-069,2,0.95971,0.00250,0.03779,108,"{""spectral_lr"": {""C"": 0.1}, ""riemann_ts_lr"": {""C"": 0.0001}, ""all_lgbm"": {""num_leaves"": 15, ""n_estimators"": 400, ""learning_rate"": 0.03}}"
4,4,sub-077,2,0.28949,0.50407,0.20645,114,"{""spectral_lr"": {""C"": 0.1}, ""riemann_ts_lr"": {""C"": 0.0001}, ""all_lgbm"": {""num_leaves"": 15, ""n_estimators"": 400, ""learning_rate"": 0.03}}"
4,4,sub-079,2,0.28505,0.37456,0.34040,135,"{""spectral_lr"": {""C"": 0.1}, ""riemann_ts_lr"": {""C"": 0.0001}, ""all_lgbm"": {""num_leaves"": 15, ""n_estimators"": 400, ""learning_rate"": 0.03}}"
4,4,sub-083,2,0.20597,0.07586,0.71816,158,"{""spectral_lr"": {""C"": 0.1}, ""riemann_ts_lr"": {""C"": 0.0001}, ""all_lgbm"": {""num_leaves"": 15, ""n_estimators"": 400, ""learning_rate"": 0.03}}"
5,0,sub-001,0,0.19490,0.06170,0.74340,100,"{""spectral_lr"": {""C"": 0.01}, ""riemann_ts_lr"": {""C"": 0.001}, ""all_lgbm"": {""num_leaves"": 7, ""n_estimators"": 200}}"
5,0,sub-003,0,0.39438,0.10115,0.50448,47,"{""spectral_lr"": {""C"": 0.01}, ""riemann_ts_lr"": {""C"": 0.001}, ""all_lgbm"": {""num_leaves"": 7, ""n_estimators"": 200}}"
5,0,sub-014,0,0.93102,0.01055,0.05842,157,"{""spectral_lr"": {""C"": 0.01}, ""riemann_ts_lr"": {""C"": 0.001}, ""all_lgbm"": {""num_leaves"": 7, ""n_estimators"": 200}}"
5,0,sub-016,0,0.86852,0.02992,0.10156,164,"{""spectral_lr"": {""C"": 0.01}, ""riemann_ts_lr"": {""C"": 0.001}, ""all_lgbm"": {""num_leaves"": 7, ""n_estimators"": 200}}"
5,0,sub-017,0,0.83227,0.00414,0.16359,137,"{""spectral_lr"": {""C"": 0.01}, ""riemann_ts_lr"": {""C"": 0.001}, ""all_lgbm"": {""num_leaves"": 7, ""n_estimators"": 200}}"
5,0,sub-028,0,0.94547,0.00547,0.04906,131,"{""spectral_lr"": {""C"": 0.01}, ""riemann_ts_lr"": {""C"": 0.001}, ""all_lgbm"": {""num_leaves"": 7, ""n_estimators"": 200}}"
5,0,sub-029,0,0.98753,0.00058,0.01190,122,"{""spectral_lr"": {""C"": 0.01}, ""riemann_ts_lr"": {""C"": 0.001}, ""all_lgbm"": {""num_leaves"": 7, ""n_estimators"": 200}}"
5,0,sub-030,0,0.95258,0.04045,0.00697,88,"{""spectral_lr"": {""C"": 0.01}, ""riemann_ts_lr"": {""C"": 0.001}, ""all_lgbm"": {""num_leaves"": 7, ""n_estimators"": 200}}"
5,0,sub-037,1,0.17904,0.72303,0.09792,140,"{""spectral_lr"": {""C"": 0.01}, ""riemann_ts_lr"": {""C"": 0.001}, ""all_lgbm"": {""num_leaves"": 7, ""n_estimators"": 200}}"
5,0,sub-040,1,0.11190,0.76580,0.12229,132,"{""spectral_lr"": {""C"": 0.01}, ""riemann_ts_lr"": {""C"": 0.001}, ""all_lgbm"": {""num_leaves"": 7, ""n_estimators"": 200}}"
5,0,sub-043,1,0.12515,0.36402,0.51083,152,"{""spectral_lr"": {""C"": 0.01}, ""riemann_ts_lr"": {""C"": 0.001}, ""all_lgbm"": {""num_leaves"": 7, ""n_estimators"": 200}}"
5,0,sub-049,1,0.00694,0.98217,0.01089,131,"{""spectral_lr"": {""C"": 0.01}, ""riemann_ts_lr"": {""C"": 0.001}, ""all_lgbm"": {""num_leaves"": 7, ""n_estimators"": 200}}"
5,0,sub-055,1,0.01084,0.97953,0.00964,140,"{""spectral_lr"": {""C"": 0.01}, ""riemann_ts_lr"": {""C"": 0.001}, ""all_lgbm"": {""num_leaves"": 7, ""n_estimators"": 200}}"
5,0,sub-066,2,0.77467,0.02743,0.19791,93,"{""spectral_lr"": {""C"": 0.01}, ""riemann_ts_lr"": {""C"": 0.001}, ""all_lgbm"": {""num_leaves"": 7, ""n_estimators"": 200}}"
5,0,sub-067,2,0.26391,0.01580,0.72029,112,"{""spectral_lr"": {""C"": 0.01}, ""riemann_ts_lr"": {""C"": 0.001}, ""all_lgbm"": {""num_leaves"": 7, ""n_estimators"": 200}}"
5,0,sub-072,2,0.86593,0.00560,0.12847,108,"{""spectral_lr"": {""C"": 0.01}, ""riemann_ts_lr"": {""C"": 0.001}, ""all_lgbm"": {""num_leaves"": 7, ""n_estimators"": 200}}"
5,0,sub-075,2,0.18281,0.09830,0.71889,127,"{""spectral_lr"": {""C"": 0.01}, ""riemann_ts_lr"": {""C"": 0.001}, ""all_lgbm"": {""num_leaves"": 7, ""n_estimators"": 200}}"
5,0,sub-078,2,0.17454,0.27161,0.55385,150,"{""spectral_lr"": {""C"": 0.01}, ""riemann_ts_lr"": {""C"": 0.001}, ""all_lgbm"": {""num_leaves"": 7, ""n_estimators"": 200}}"
5,1,sub-002,0,0.30434,0.19073,0.50493,139,"{""spectral_lr"": {""C"": 0.0001}, ""riemann_ts_lr"": {""C"": 0.0001}, ""all_lgbm"": {""num_leaves"": 7, ""n_estimators"": 200}}"
5,1,sub-004,0,0.64200,0.02037,0.33763,120,"{""spectral_lr"": {""C"": 0.0001}, ""riemann_ts_lr"": {""C"": 0.0001}, ""all_lgbm"": {""num_leaves"": 7, ""n_estimators"": 200}}"
5,1,sub-011,0,0.40392,0.14779,0.44829,120,"{""spectral_lr"": {""C"": 0.0001}, ""riemann_ts_lr"": {""C"": 0.0001}, ""all_lgbm"": {""num_leaves"": 7, ""n_estimators"": 200}}"
5,1,sub-021,0,0.24624,0.41648,0.33728,156,"{""spectral_lr"": {""C"": 0.0001}, ""riemann_ts_lr"": {""C"": 0.0001}, ""all_lgbm"": {""num_leaves"": 7, ""n_estimators"": 200}}"
5,1,sub-025,0,0.02653,0.59091,0.38256,106,"{""spectral_lr"": {""C"": 0.0001}, ""riemann_ts_lr"": {""C"": 0.0001}, ""all_lgbm"": {""num_leaves"": 7, ""n_estimators"": 200}}"
5,1,sub-026,0,0.83794,0.05332,0.10874,138,"{""spectral_lr"": {""C"": 0.0001}, ""riemann_ts_lr"": {""C"": 0.0001}, ""all_lgbm"": {""num_leaves"": 7, ""n_estimators"": 200}}"
5,1,sub-031,0,0.29530,0.52843,0.17627,183,"{""spectral_lr"": {""C"": 0.0001}, ""riemann_ts_lr"": {""C"": 0.0001}, ""all_lgbm"": {""num_leaves"": 7, ""n_estimators"": 200}}"
5,1,sub-046,1,0.18643,0.67719,0.13638,116,"{""spectral_lr"": {""C"": 0.0001}, ""riemann_ts_lr"": {""C"": 0.0001}, ""all_lgbm"": {""num_leaves"": 7, ""n_estimators"": 200}}"
5,1,sub-048,1,0.06910,0.86800,0.06290,162,"{""spectral_lr"": {""C"": 0.0001}, ""riemann_ts_lr"": {""C"": 0.0001}, ""all_lgbm"": {""num_leaves"": 7, ""n_estimators"": 200}}"
5,1,sub-058,1,0.03696,0.74311,0.21993,123,"{""spectral_lr"": {""C"": 0.0001}, ""riemann_ts_lr"": {""C"": 0.0001}, ""all_lgbm"": {""num_leaves"": 7, ""n_estimators"": 200}}"
5,1,sub-061,1,0.28002,0.27416,0.44583,130,"{""spectral_lr"": {""C"": 0.0001}, ""riemann_ts_lr"": {""C"": 0.0001}, ""all_lgbm"": {""num_leaves"": 7, ""n_estimators"": 200}}"
5,1,sub-064,1,0.03516,0.90998,0.05486,151,"{""spectral_lr"": {""C"": 0.0001}, ""riemann_ts_lr"": {""C"": 0.0001}, ""all_lgbm"": {""num_leaves"": 7, ""n_estimators"": 200}}"
5,1,sub-065,1,0.13305,0.64549,0.22145,163,"{""spectral_lr"": {""C"": 0.0001}, ""riemann_ts_lr"": {""C"": 0.0001}, ""all_lgbm"": {""num_leaves"": 7, ""n_estimators"": 200}}"
5,1,sub-074,2,0.25566,0.28864,0.45570,165,"{""spectral_lr"": {""C"": 0.0001}, ""riemann_ts_lr"": {""C"": 0.0001}, ""all_lgbm"": {""num_leaves"": 7, ""n_estimators"": 200}}"
5,1,sub-083,2,0.13911,0.08265,0.77824,158,"{""spectral_lr"": {""C"": 0.0001}, ""riemann_ts_lr"": {""C"": 0.0001}, ""all_lgbm"": {""num_leaves"": 7, ""n_estimators"": 200}}"
5,1,sub-084,2,0.64628,0.05546,0.29827,117,"{""spectral_lr"": {""C"": 0.0001}, ""riemann_ts_lr"": {""C"": 0.0001}, ""all_lgbm"": {""num_leaves"": 7, ""n_estimators"": 200}}"
5,1,sub-087,2,0.54154,0.15290,0.30556,99,"{""spectral_lr"": {""C"": 0.0001}, ""riemann_ts_lr"": {""C"": 0.0001}, ""all_lgbm"": {""num_leaves"": 7, ""n_estimators"": 200}}"
5,1,sub-088,2,0.42268,0.37678,0.20054,132,"{""spectral_lr"": {""C"": 0.0001}, ""riemann_ts_lr"": {""C"": 0.0001}, ""all_lgbm"": {""num_leaves"": 7, ""n_estimators"": 200}}"
5,2,sub-006,0,0.14422,0.74268,0.11310,106,"{""spectral_lr"": {""C"": 0.1}, ""riemann_ts_lr"": {""C"": 0.001}, ""all_lgbm"": {""num_leaves"": 15, ""n_estimators"": 400, ""learning_rate"": 0.03}}"
5,2,sub-007,0,0.91031,0.00015,0.08953,134,"{""spectral_lr"": {""C"": 0.1}, ""riemann_ts_lr"": {""C"": 0.001}, ""all_lgbm"": {""num_leaves"": 15, ""n_estimators"": 400, ""learning_rate"": 0.03}}"
5,2,sub-010,0,0.18842,0.51913,0.29245,225,"{""spectral_lr"": {""C"": 0.1}, ""riemann_ts_lr"": {""C"": 0.001}, ""all_lgbm"": {""num_leaves"": 15, ""n_estimators"": 400, ""learning_rate"": 0.03}}"
5,2,sub-013,0,0.81969,0.00708,0.17323,151,"{""spectral_lr"": {""C"": 0.1}, ""riemann_ts_lr"": {""C"": 0.001}, ""all_lgbm"": {""num_leaves"": 15, ""n_estimators"": 400, ""learning_rate"": 0.03}}"
5,2,sub-018,0,0.99133,0.00435,0.00432,146,"{""spectral_lr"": {""C"": 0.1}, ""riemann_ts_lr"": {""C"": 0.001}, ""all_lgbm"": {""num_leaves"": 15, ""n_estimators"": 400, ""learning_rate"": 0.03}}"
5,2,sub-024,0,0.99380,0.00147,0.00473,124,"{""spectral_lr"": {""C"": 0.1}, ""riemann_ts_lr"": {""C"": 0.001}, ""all_lgbm"": {""num_leaves"": 15, ""n_estimators"": 400, ""learning_rate"": 0.03}}"
5,2,sub-032,0,0.99250,0.00155,0.00594,96,"{""spectral_lr"": {""C"": 0.1}, ""riemann_ts_lr"": {""C"": 0.001}, ""all_lgbm"": {""num_leaves"": 15, ""n_estimators"": 400, ""learning_rate"": 0.03}}"
5,2,sub-038,1,0.08359,0.88795,0.02846,150,"{""spectral_lr"": {""C"": 0.1}, ""riemann_ts_lr"": {""C"": 0.001}, ""all_lgbm"": {""num_leaves"": 15, ""n_estimators"": 400, ""learning_rate"": 0.03}}"
5,2,sub-039,1,0.03412,0.96270,0.00318,141,"{""spectral_lr"": {""C"": 0.1}, ""riemann_ts_lr"": {""C"": 0.001}, ""all_lgbm"": {""num_leaves"": 15, ""n_estimators"": 400, ""learning_rate"": 0.03}}"
5,2,sub-042,1,0.01221,0.98636,0.00142,167,"{""spectral_lr"": {""C"": 0.1}, ""riemann_ts_lr"": {""C"": 0.001}, ""all_lgbm"": {""num_leaves"": 15, ""n_estimators"": 400, ""learning_rate"": 0.03}}"
5,2,sub-044,1,0.01530,0.97602,0.00868,163,"{""spectral_lr"": {""C"": 0.1}, ""riemann_ts_lr"": {""C"": 0.001}, ""all_lgbm"": {""num_leaves"": 15, ""n_estimators"": 400, ""learning_rate"": 0.03}}"
5,2,sub-059,1,0.11947,0.52955,0.35098,141,"{""spectral_lr"": {""C"": 0.1}, ""riemann_ts_lr"": {""C"": 0.001}, ""all_lgbm"": {""num_leaves"": 15, ""n_estimators"": 400, ""learning_rate"": 0.03}}"
5,2,sub-060,1,0.00580,0.98631,0.00789,126,"{""spectral_lr"": {""C"": 0.1}, ""riemann_ts_lr"": {""C"": 0.001}, ""all_lgbm"": {""num_leaves"": 15, ""n_estimators"": 400, ""learning_rate"": 0.03}}"
5,2,sub-069,2,0.93910,0.00997,0.05093,108,"{""spectral_lr"": {""C"": 0.1}, ""riemann_ts_lr"": {""C"": 0.001}, ""all_lgbm"": {""num_leaves"": 15, ""n_estimators"": 400, ""learning_rate"": 0.03}}"
5,2,sub-077,2,0.16219,0.50074,0.33708,114,"{""spectral_lr"": {""C"": 0.1}, ""riemann_ts_lr"": {""C"": 0.001}, ""all_lgbm"": {""num_leaves"": 15, ""n_estimators"": 400, ""learning_rate"": 0.03}}"
5,2,sub-081,2,0.94417,0.00715,0.04867,142,"{""spectral_lr"": {""C"": 0.1}, ""riemann_ts_lr"": {""C"": 0.001}, ""all_lgbm"": {""num_leaves"": 15, ""n_estimators"": 400, ""learning_rate"": 0.03}}"
5,2,sub-082,2,0.15993,0.55704,0.28304,137,"{""spectral_lr"": {""C"": 0.1}, ""riemann_ts_lr"": {""C"": 0.001}, ""all_lgbm"": {""num_leaves"": 15, ""n_estimators"": 400, ""learning_rate"": 0.03}}"
5,2,sub-086,2,0.06041,0.83610,0.10349,40,"{""spectral_lr"": {""C"": 0.1}, ""riemann_ts_lr"": {""C"": 0.001}, ""all_lgbm"": {""num_leaves"": 15, ""n_estimators"": 400, ""learning_rate"": 0.03}}"
5,3,sub-005,0,0.71824,0.15085,0.13091,145,"{""spectral_lr"": {""C"": 0.0001}, ""riemann_ts_lr"": {""C"": 0.0001}, ""all_lgbm"": {""num_leaves"": 7, ""n_estimators"": 200}}"
5,3,sub-019,0,0.42670,0.36250,0.21080,161,"{""spectral_lr"": {""C"": 0.0001}, ""riemann_ts_lr"": {""C"": 0.0001}, ""all_lgbm"": {""num_leaves"": 7, ""n_estimators"": 200}}"
5,3,sub-022,0,0.64580,0.03648,0.31772,146,"{""spectral_lr"": {""C"": 0.0001}, ""riemann_ts_lr"": {""C"": 0.0001}, ""all_lgbm"": {""num_leaves"": 7, ""n_estimators"": 200}}"
5,3,sub-023,0,0.76226,0.09699,0.14075,120,"{""spectral_lr"": {""C"": 0.0001}, ""riemann_ts_lr"": {""C"": 0.0001}, ""all_lgbm"": {""num_leaves"": 7, ""n_estimators"": 200}}"
5,3,sub-034,0,0.73437,0.07812,0.18751,166,"{""spectral_lr"": {""C"": 0.0001}, ""riemann_ts_lr"": {""C"": 0.0001}, ""all_lgbm"": {""num_leaves"": 7, ""n_estimators"": 200}}"
5,3,sub-035,0,0.66216,0.02105,0.31679,109,"{""spectral_lr"": {""C"": 0.0001}, ""riemann_ts_lr"": {""C"": 0.0001}, ""all_lgbm"": {""num_leaves"": 7, ""n_estimators"": 200}}"
5,3,sub-036,0,0.18419,0.72888,0.08693,143,"{""spectral_lr"": {""C"": 0.0001}, ""riemann_ts_lr"": {""C"": 0.0001}, ""all_lgbm"": {""num_leaves"": 7, ""n_estimators"": 200}}"
5,3,sub-041,1,0.07256,0.85476,0.07268,164,"{""spectral_lr"": {""C"": 0.0001}, ""riemann_ts_lr"": {""C"": 0.0001}, ""all_lgbm"": {""num_leaves"": 7, ""n_estimators"": 200}}"
5,3,sub-047,1,0.09621,0.68325,0.22055,145,"{""spectral_lr"": {""C"": 0.0001}, ""riemann_ts_lr"": {""C"": 0.0001}, ""all_lgbm"": {""num_leaves"": 7, ""n_estimators"": 200}}"
5,3,sub-050,1,0.36999,0.28291,0.34710,141,"{""spectral_lr"": {""C"": 0.0001}, ""riemann_ts_lr"": {""C"": 0.0001}, ""all_lgbm"": {""num_leaves"": 7, ""n_estimators"": 200}}"
5,3,sub-051,1,0.18101,0.69974,0.11924,115,"{""spectral_lr"": {""C"": 0.0001}, ""riemann_ts_lr"": {""C"": 0.0001}, ""all_lgbm"": {""num_leaves"": 7, ""n_estimators"": 200}}"
5,3,sub-053,1,0.60107,0.16768,0.23125,106,"{""spectral_lr"": {""C"": 0.0001}, ""riemann_ts_lr"": {""C"": 0.0001}, ""all_lgbm"": {""num_leaves"": 7, ""n_estimators"": 200}}"
5,3,sub-056,1,0.31434,0.56932,0.11635,96,"{""spectral_lr"": {""C"": 0.0001}, ""riemann_ts_lr"": {""C"": 0.0001}, ""all_lgbm"": {""num_leaves"": 7, ""n_estimators"": 200}}"
5,3,sub-068,2,0.46117,0.30085,0.23798,94,"{""spectral_lr"": {""C"": 0.0001}, ""riemann_ts_lr"": {""C"": 0.0001}, ""all_lgbm"": {""num_leaves"": 7, ""n_estimators"": 200}}"
5,3,sub-070,2,0.36129,0.34806,0.29065,82,"{""spectral_lr"": {""C"": 0.0001}, ""riemann_ts_lr"": {""C"": 0.0001}, ""all_lgbm"": {""num_leaves"": 7, ""n_estimators"": 200}}"
5,3,sub-071,2,0.23014,0.49506,0.27480,106,"{""spectral_lr"": {""C"": 0.0001}, ""riemann_ts_lr"": {""C"": 0.0001}, ""all_lgbm"": {""num_leaves"": 7, ""n_estimators"": 200}}"
5,3,sub-085,2,0.69056,0.01514,0.29430,91,"{""spectral_lr"": {""C"": 0.0001}, ""riemann_ts_lr"": {""C"": 0.0001}, ""all_lgbm"": {""num_leaves"": 7, ""n_estimators"": 200}}"
5,4,sub-008,0,0.96545,0.00382,0.03072,138,"{""spectral_lr"": {""C"": 1.0}, ""riemann_ts_lr"": {""C"": 0.0001}, ""all_lgbm"": {""num_leaves"": 15, ""n_estimators"": 400, ""learning_rate"": 0.03}}"
5,4,sub-009,0,0.57272,0.11282,0.31446,106,"{""spectral_lr"": {""C"": 1.0}, ""riemann_ts_lr"": {""C"": 0.0001}, ""all_lgbm"": {""num_leaves"": 15, ""n_estimators"": 400, ""learning_rate"": 0.03}}"
5,4,sub-012,0,0.06274,0.85746,0.07980,152,"{""spectral_lr"": {""C"": 1.0}, ""riemann_ts_lr"": {""C"": 0.0001}, ""all_lgbm"": {""num_leaves"": 15, ""n_estimators"": 400, ""learning_rate"": 0.03}}"
5,4,sub-015,0,0.93169,0.06316,0.00515,143,"{""spectral_lr"": {""C"": 1.0}, ""riemann_ts_lr"": {""C"": 0.0001}, ""all_lgbm"": {""num_leaves"": 15, ""n_estimators"": 400, ""learning_rate"": 0.03}}"
5,4,sub-020,0,0.99212,0.00161,0.00627,160,"{""spectral_lr"": {""C"": 1.0}, ""riemann_ts_lr"": {""C"": 0.0001}, ""all_lgbm"": {""num_leaves"": 15, ""n_estimators"": 400, ""learning_rate"": 0.03}}"
5,4,sub-027,0,0.99649,0.00006,0.00344,145,"{""spectral_lr"": {""C"": 1.0}, ""riemann_ts_lr"": {""C"": 0.0001}, ""all_lgbm"": {""num_leaves"": 15, ""n_estimators"": 400, ""learning_rate"": 0.03}}"
5,4,sub-033,0,0.96373,0.02865,0.00762,128,"{""spectral_lr"": {""C"": 1.0}, ""riemann_ts_lr"": {""C"": 0.0001}, ""all_lgbm"": {""num_leaves"": 15, ""n_estimators"": 400, ""learning_rate"": 0.03}}"
5,4,sub-045,1,0.52085,0.43953,0.03962,127,"{""spectral_lr"": {""C"": 1.0}, ""riemann_ts_lr"": {""C"": 0.0001}, ""all_lgbm"": {""num_leaves"": 15, ""n_estimators"": 400, ""learning_rate"": 0.03}}"
5,4,sub-052,1,0.20243,0.77185,0.02572,133,"{""spectral_lr"": {""C"": 1.0}, ""riemann_ts_lr"": {""C"": 0.0001}, ""all_lgbm"": {""num_leaves"": 15, ""n_estimators"": 400, ""learning_rate"": 0.03}}"
5,4,sub-054,1,0.02500,0.67908,0.29592,125,"{""spectral_lr"": {""C"": 1.0}, ""riemann_ts_lr"": {""C"": 0.0001}, ""all_lgbm"": {""num_leaves"": 15, ""n_estimators"": 400, ""learning_rate"": 0.03}}"
5,4,sub-057,1,0.79519,0.09873,0.10607,146,"{""spectral_lr"": {""C"": 1.0}, ""riemann_ts_lr"": {""C"": 0.0001}, ""all_lgbm"": {""num_leaves"": 15, ""n_estimators"": 400, ""learning_rate"": 0.03}}"
5,4,sub-062,1,0.00211,0.99495,0.00293,146,"{""spectral_lr"": {""C"": 1.0}, ""riemann_ts_lr"": {""C"": 0.0001}, ""all_lgbm"": {""num_leaves"": 15, ""n_estimators"": 400, ""learning_rate"": 0.03}}"
5,4,sub-063,1,0.46189,0.50128,0.03683,140,"{""spectral_lr"": {""C"": 1.0}, ""riemann_ts_lr"": {""C"": 0.0001}, ""all_lgbm"": {""num_leaves"": 15, ""n_estimators"": 400, ""learning_rate"": 0.03}}"
5,4,sub-073,2,0.11914,0.07661,0.80426,143,"{""spectral_lr"": {""C"": 1.0}, ""riemann_ts_lr"": {""C"": 0.0001}, ""all_lgbm"": {""num_leaves"": 15, ""n_estimators"": 400, ""learning_rate"": 0.03}}"
5,4,sub-076,2,0.96153,0.02967,0.00880,148,"{""spectral_lr"": {""C"": 1.0}, ""riemann_ts_lr"": {""C"": 0.0001}, ""all_lgbm"": {""num_leaves"": 15, ""n_estimators"": 400, ""learning_rate"": 0.03}}"
5,4,sub-079,2,0.36459,0.31792,0.31750,135,"{""spectral_lr"": {""C"": 1.0}, ""riemann_ts_lr"": {""C"": 0.0001}, ""all_lgbm"": {""num_leaves"": 15, ""n_estimators"": 400, ""learning_rate"": 0.03}}"
5,4,sub-080,2,0.00168,0.99805,0.00027,151,"{""spectral_lr"": {""C"": 1.0}, ""riemann_ts_lr"": {""C"": 0.0001}, ""all_lgbm"": {""num_leaves"": 15, ""n_estimators"": 400, ""learning_rate"": 0.03}}"
6,0,sub-006,0,0.15978,0.83618,0.00404,106,"{""spectral_lr"": {""C"": 1.0}, ""riemann_ts_lr"": {""C"": 0.0001}, ""all_lgbm"": {""num_leaves"": 7, ""n_estimators"": 200}}"
6,0,sub-007,0,0.89140,0.00050,0.10810,134,"{""spectral_lr"": {""C"": 1.0}, ""riemann_ts_lr"": {""C"": 0.0001}, ""all_lgbm"": {""num_leaves"": 7, ""n_estimators"": 200}}"
6,0,sub-011,0,0.34481,0.02849,0.62670,120,"{""spectral_lr"": {""C"": 1.0}, ""riemann_ts_lr"": {""C"": 0.0001}, ""all_lgbm"": {""num_leaves"": 7, ""n_estimators"": 200}}"
6,0,sub-014,0,0.98274,0.00313,0.01413,157,"{""spectral_lr"": {""C"": 1.0}, ""riemann_ts_lr"": {""C"": 0.0001}, ""all_lgbm"": {""num_leaves"": 7, ""n_estimators"": 200}}"
6,0,sub-015,0,0.87358,0.12036,0.00606,143,"{""spectral_lr"": {""C"": 1.0}, ""riemann_ts_lr"": {""C"": 0.0001}, ""all_lgbm"": {""num_leaves"": 7, ""n_estimators"": 200}}"
6,0,sub-017,0,0.90050,0.00073,0.09877,137,"{""spectral_lr"": {""C"": 1.0}, ""riemann_ts_lr"": {""C"": 0.0001}, ""all_lgbm"": {""num_leaves"": 7, ""n_estimators"": 200}}"
6,0,sub-022,0,0.31907,0.00822,0.67270,146,"{""spectral_lr"": {""C"": 1.0}, ""riemann_ts_lr"": {""C"": 0.0001}, ""all_lgbm"": {""num_leaves"": 7, ""n_estimators"": 200}}"
6,0,sub-028,0,0.98468,0.00038,0.01494,131,"{""spectral_lr"": {""C"": 1.0}, ""riemann_ts_lr"": {""C"": 0.0001}, ""all_lgbm"": {""num_leaves"": 7, ""n_estimators"": 200}}"
6,0,sub-037,1,0.10669,0.87807,0.01524,140,"{""spectral_lr"": {""C"": 1.0}, ""riemann_ts_lr"": {""C"": 0.0001}, ""all_lgbm"": {""num_leaves"": 7, ""n_estimators"": 200}}"
6,0,sub-040,1,0.07987,0.91687,0.00326,132,"{""spectral_lr"": {""C"": 1.0}, ""riemann_ts_lr"": {""C"": 0.0001}, ""all_lgbm"": {""num_leaves"": 7, ""n_estimators"": 200}}"
6,0,sub-041,1,0.00154,0.99780,0.00066,164,"{""spectral_lr"": {""C"": 1.0}, ""riemann_ts_lr"": {""C"": 0.0001}, ""all_lgbm"": {""num_leaves"": 7, ""n_estimators"": 200}}"
6,0,sub-048,1,0.03769,0.96109,0.00123,162,"{""spectral_lr"": {""C"": 1.0}, ""riemann_ts_lr"": {""C"": 0.0001}, ""all_lgbm"": {""num_leaves"": 7, ""n_estimators"": 200}}"
6,0,sub-063,1,0.16368,0.79978,0.03654,140,"{""spectral_lr"": {""C"": 1.0}, ""riemann_ts_lr"": {""C"": 0.0001}, ""all_lgbm"": {""num_leaves"": 7, ""n_estimators"": 200}}"
6,0,sub-069,2,0.95620,0.00133,0.04247,108,"{""spectral_lr"": {""C"": 1.0}, ""riemann_ts_lr"": {""C"": 0.0001}, ""all_lgbm"": {""num_leaves"": 7, ""n_estimators"": 200}}"
6,0,sub-071,2,0.50278,0.36536,0.13186,106,"{""spectral_lr"": {""C"": 1.0}, ""riemann_ts_lr"": {""C"": 0.0001}, ""all_lgbm"": {""num_leaves"": 7, ""n_estimators"": 200}}"
6,0,sub-075,2,0.65718,0.25190,0.09093,127,"{""spectral_lr"": {""C"": 1.0}, ""riemann_ts_lr"": {""C"": 0.0001}, ""all_lgbm"": {""num_leaves"": 7, ""n_estimators"": 200}}"
6,0,sub-078,2,0.13885,0.51245,0.34870,150,"{""spectral_lr"": {""C"": 1.0}, ""riemann_ts_lr"": {""C"": 0.0001}, ""all_lgbm"": {""num_leaves"": 7, ""n_estimators"": 200}}"
6,0,sub-079,2,0.09955,0.89326,0.00719,135,"{""spectral_lr"": {""C"": 1.0}, ""riemann_ts_lr"": {""C"": 0.0001}, ""all_lgbm"": {""num_leaves"": 7, ""n_estimators"": 200}}"
6,1,sub-001,0,0.14881,0.40551,0.44568,100,"{""spectral_lr"": {""C"": 0.0001}, ""riemann_ts_lr"": {""C"": 1.0}, ""all_lgbm"": {""num_leaves"": 7, ""n_estimators"": 200}}"
6,1,sub-008,0,0.92319,0.00719,0.06962,138,"{""spectral_lr"": {""C"": 0.0001}, ""riemann_ts_lr"": {""C"": 1.0}, ""all_lgbm"": {""num_leaves"": 7, ""n_estimators"": 200}}"
6,1,sub-025,0,0.00182,0.03633,0.96186,106,"{""spectral_lr"": {""C"": 0.0001}, ""riemann_ts_lr"": {""C"": 1.0}, ""all_lgbm"": {""num_leaves"": 7, ""n_estimators"": 200}}"
6,1,sub-026,0,0.76688,0.22918,0.00394,138,"{""spectral_lr"": {""C"": 0.0001}, ""riemann_ts_lr"": {""C"": 1.0}, ""all_lgbm"": {""num_leaves"": 7, ""n_estimators"": 200}}"
6,1,sub-030,0,0.99495,0.00094,0.00411,88,"{""spectral_lr"": {""C"": 0.0001}, ""riemann_ts_lr"": {""C"": 1.0}, ""all_lgbm"": {""num_leaves"": 7, ""n_estimators"": 200}}"
6,1,sub-032,0,0.65173,0.00906,0.33921,96,"{""spectral_lr"": {""C"": 0.0001}, ""riemann_ts_lr"": {""C"": 1.0}, ""all_lgbm"": {""num_leaves"": 7, ""n_estimators"": 200}}"
6,1,sub-033,0,0.88732,0.05283,0.05985,128,"{""spectral_lr"": {""C"": 0.0001}, ""riemann_ts_lr"": {""C"": 1.0}, ""all_lgbm"": {""num_leaves"": 7, ""n_estimators"": 200}}"
6,1,sub-042,1,0.01006,0.98233,0.00761,167,"{""spectral_lr"": {""C"": 0.0001}, ""riemann_ts_lr"": {""C"": 1.0}, ""all_lgbm"": {""num_leaves"": 7, ""n_estimators"": 200}}"
6,1,sub-045,1,0.29693,0.69099,0.01207,127,"{""spectral_lr"": {""C"": 0.0001}, ""riemann_ts_lr"": {""C"": 1.0}, ""all_lgbm"": {""num_leaves"": 7, ""n_estimators"": 200}}"
6,1,sub-053,1,0.24692,0.07588,0.67720,106,"{""spectral_lr"": {""C"": 0.0001}, ""riemann_ts_lr"": {""C"": 1.0}, ""all_lgbm"": {""num_leaves"": 7, ""n_estimators"": 200}}"
6,1,sub-056,1,0.10125,0.18168,0.71707,96,"{""spectral_lr"": {""C"": 0.0001}, ""riemann_ts_lr"": {""C"": 1.0}, ""all_lgbm"": {""num_leaves"": 7, ""n_estimators"": 200}}"
6,1,sub-058,1,0.00091,0.83297,0.16612,123,"{""spectral_lr"": {""C"": 0.0001}, ""riemann_ts_lr"": {""C"": 1.0}, ""all_lgbm"": {""num_leaves"": 7, ""n_estimators"": 200}}"
6,1,sub-062,1,0.00646,0.09527,0.89827,146,"{""spectral_lr"": {""C"": 0.0001}, ""riemann_ts_lr"": {""C"": 1.0}, ""all_lgbm"": {""num_leaves"": 7, ""n_estimators"": 200}}"
6,1,sub-066,2,0.84926,0.01654,0.13420,93,"{""spectral_lr"": {""C"": 0.0001}, ""riemann_ts_lr"": {""C"": 1.0}, ""all_lgbm"": {""num_leaves"": 7, ""n_estimators"": 200}}"
6,1,sub-070,2,0.20445,0.22571,0.56984,82,"{""spectral_lr"": {""C"": 0.0001}, ""riemann_ts_lr"": {""C"": 1.0}, ""all_lgbm"": {""num_leaves"": 7, ""n_estimators"": 200}}"
6,1,sub-076,2,0.52448,0.46973,0.00579,148,"{""spectral_lr"": {""C"": 0.0001}, ""riemann_ts_lr"": {""C"": 1.0}, ""all_lgbm"": {""num_leaves"": 7, ""n_estimators"": 200}}"
6,1,sub-081,2,0.98904,0.00136,0.00959,142,"{""spectral_lr"": {""C"": 0.0001}, ""riemann_ts_lr"": {""C"": 1.0}, ""all_lgbm"": {""num_leaves"": 7, ""n_estimators"": 200}}"
6,1,sub-084,2,0.95028,0.00150,0.04823,117,"{""spectral_lr"": {""C"": 0.0001}, ""riemann_ts_lr"": {""C"": 1.0}, ""all_lgbm"": {""num_leaves"": 7, ""n_estimators"": 200}}"
6,2,sub-002,0,0.37698,0.21522,0.40780,139,"{""spectral_lr"": {""C"": 0.01}, ""riemann_ts_lr"": {""C"": 0.0001}, ""all_lgbm"": {""num_leaves"": 7, ""n_estimators"": 200}}"
6,2,sub-003,0,0.27162,0.26052,0.46786,47,"{""spectral_lr"": {""C"": 0.01}, ""riemann_ts_lr"": {""C"": 0.0001}, ""all_lgbm"": {""num_leaves"": 7, ""n_estimators"": 200}}"
6,2,sub-004,0,0.93551,0.00150,0.06299,120,"{""spectral_lr"": {""C"": 0.01}, ""riemann_ts_lr"": {""C"": 0.0001}, ""all_lgbm"": {""num_leaves"": 7, ""n_estimators"": 200}}"
6,2,sub-016,0,0.96840,0.00980,0.02180,164,"{""spectral_lr"": {""C"": 0.01}, ""riemann_ts_lr"": {""C"": 0.0001}, ""all_lgbm"": {""num_leaves"": 7, ""n_estimators"": 200}}"
6,2,sub-020,0,0.92202,0.01802,0.05996,160,"{""spectral_lr"": {""C"": 0.01}, ""riemann_ts_lr"": {""C"": 0.0001}, ""all_lgbm"": {""num_leaves"": 7, ""n_estimators"": 200}}"
6,2,sub-021,0,0.46048,0.16354,0.37598,156,"{""spectral_lr"": {""C"": 0.01}, ""riemann_ts_lr"": {""C"": 0.0001}, ""all_lgbm"": {""num_leaves"": 7, ""n_estimators"": 200}}"
6,2,sub-034,0,0.76058,0.01312,0.22630,166,"{""spectral_lr"": {""C"": 0.01}, ""riemann_ts_lr"": {""C"": 0.0001}, ""all_lgbm"": {""num_leaves"": 7, ""n_estimators"": 200}}"
6,2,sub-049,1,0.03382,0.93266,0.03352,131,"{""spectral_lr"": {""C"": 0.01}, ""riemann_ts_lr"": {""C"": 0.0001}, ""all_lgbm"": {""num_leaves"": 7, ""n_estimators"": 200}}"
6,2,sub-050,1,0.18792,0.56394,0.24814,141,"{""spectral_lr"": {""C"": 0.01}, ""riemann_ts_lr"": {""C"": 0.0001}, ""all_lgbm"": {""num_leaves"": 7, ""n_estimators"": 200}}"
6,2,sub-051,1,0.06061,0.90518,0.03422,115,"{""spectral_lr"": {""C"": 0.01}, ""riemann_ts_lr"": {""C"": 0.0001}, ""all_lgbm"": {""num_leaves"": 7, ""n_estimators"": 200}}"
6,2,sub-052,1,0.10424,0.79008,0.10568,133,"{""spectral_lr"": {""C"": 0.01}, ""riemann_ts_lr"": {""C"": 0.0001}, ""all_lgbm"": {""num_leaves"": 7, ""n_estimators"": 200}}"
6,2,sub-054,1,0.31650,0.44806,0.23544,125,"{""spectral_lr"": {""C"": 0.01}, ""riemann_ts_lr"": {""C"": 0.0001}, ""all_lgbm"": {""num_leaves"": 7, ""n_estimators"": 200}}"
6,2,sub-059,1,0.20117,0.62536,0.17347,141,"{""spectral_lr"": {""C"": 0.01}, ""riemann_ts_lr"": {""C"": 0.0001}, ""all_lgbm"": {""num_leaves"": 7, ""n_estimators"": 200}}"
6,2,sub-067,2,0.16244,0.00871,0.82885,112,"{""spectral_lr"": {""C"": 0.01}, ""riemann_ts_lr"": {""C"": 0.0001}, ""all_lgbm"": {""num_leaves"": 7, ""n_estimators"": 200}}"
6,2,sub-068,2,0.55997,0.26823,0.17180,94,"{""spectral_lr"": {""C"": 0.01}, ""riemann_ts_lr"": {""C"": 0.0001}, ""all_lgbm"": {""num_leaves"": 7, ""n_estimators"": 200}}"
6,2,sub-082,2,0.21183,0.48068,0.30749,137,"{""spectral_lr"": {""C"": 0.01}, ""riemann_ts_lr"": {""C"": 0.0001}, ""all_lgbm"": {""num_leaves"": 7, ""n_estimators"": 200}}"
6,2,sub-083,2,0.45109,0.09504,0.45387,158,"{""spectral_lr"": {""C"": 0.01}, ""riemann_ts_lr"": {""C"": 0.0001}, ""all_lgbm"": {""num_leaves"": 7, ""n_estimators"": 200}}"
6,2,sub-085,2,0.90657,0.00286,0.09057,91,"{""spectral_lr"": {""C"": 0.01}, ""riemann_ts_lr"": {""C"": 0.0001}, ""all_lgbm"": {""num_leaves"": 7, ""n_estimators"": 200}}"
6,3,sub-012,0,0.00553,0.90925,0.08522,152,"{""spectral_lr"": {""C"": 1.0}, ""riemann_ts_lr"": {""C"": 0.01}, ""all_lgbm"": {""num_leaves"": 7, ""n_estimators"": 200}}"
6,3,sub-013,0,0.80709,0.00058,0.19233,151,"{""spectral_lr"": {""C"": 1.0}, ""riemann_ts_lr"": {""C"": 0.01}, ""all_lgbm"": {""num_leaves"": 7, ""n_estimators"": 200}}"
6,3,sub-019,0,0.60510,0.24655,0.14835,161,"{""spectral_lr"": {""C"": 1.0}, ""riemann_ts_lr"": {""C"": 0.01}, ""all_lgbm"": {""num_leaves"": 7, ""n_estimators"": 200}}"
6,3,sub-023,0,0.98392,0.00915,0.00693,120,"{""spectral_lr"": {""C"": 1.0}, ""riemann_ts_lr"": {""C"": 0.01}, ""all_lgbm"": {""num_leaves"": 7, ""n_estimators"": 200}}"
6,3,sub-024,0,0.99744,0.00043,0.00214,124,"{""spectral_lr"": {""C"": 1.0}, ""riemann_ts_lr"": {""C"": 0.01}, ""all_lgbm"": {""num_leaves"": 7, ""n_estimators"": 200}}"
6,3,sub-031,0,0.62415,0.34631,0.02954,183,"{""spectral_lr"": {""C"": 1.0}, ""riemann_ts_lr"": {""C"": 0.01}, ""all_lgbm"": {""num_leaves"": 7, ""n_estimators"": 200}}"
6,3,sub-036,0,0.01807,0.98041,0.00152,143,"{""spectral_lr"": {""C"": 1.0}, ""riemann_ts_lr"": {""C"": 0.01}, ""all_lgbm"": {""num_leaves"": 7, ""n_estimators"": 200}}"
6,3,sub-039,1,0.00547,0.99361,0.00092,141,"{""spectral_lr"": {""C"": 1.0}, ""riemann_ts_lr"": {""C"": 0.01}, ""all_lgbm"": {""num_leaves"": 7, ""n_estimators"": 200}}"
6,3,sub-046,1,0.00342,0.99473,0.00185,116,"{""spectral_lr"": {""C"": 1.0}, ""riemann_ts_lr"": {""C"": 0.01}, ""all_lgbm"": {""num_leaves"": 7, ""n_estimators"": 200}}"
6,3,sub-047,1,0.00321,0.90906,0.08773,145,"{""spectral_lr"": {""C"": 1.0}, ""riemann_ts_lr"": {""C"": 0.01}, ""all_lgbm"": {""num_leaves"": 7, ""n_estimators"": 200}}"
6,3,sub-055,1,0.00076,0.99791,0.00133,140,"{""spectral_lr"": {""C"": 1.0}, ""riemann_ts_lr"": {""C"": 0.01}, ""all_lgbm"": {""num_leaves"": 7, ""n_estimators"": 200}}"
6,3,sub-060,1,0.00287,0.99331,0.00382,126,"{""spectral_lr"": {""C"": 1.0}, ""riemann_ts_lr"": {""C"": 0.01}, ""all_lgbm"": {""num_leaves"": 7, ""n_estimators"": 200}}"
6,3,sub-061,1,0.72466,0.00678,0.26856,130,"{""spectral_lr"": {""C"": 1.0}, ""riemann_ts_lr"": {""C"": 0.01}, ""all_lgbm"": {""num_leaves"": 7, ""n_estimators"": 200}}"
6,3,sub-077,2,0.01985,0.04005,0.94010,114,"{""spectral_lr"": {""C"": 1.0}, ""riemann_ts_lr"": {""C"": 0.01}, ""all_lgbm"": {""num_leaves"": 7, ""n_estimators"": 200}}"
6,3,sub-086,2,0.10875,0.31601,0.57524,40,"{""spectral_lr"": {""C"": 1.0}, ""riemann_ts_lr"": {""C"": 0.01}, ""all_lgbm"": {""num_leaves"": 7, ""n_estimators"": 200}}"
6,3,sub-087,2,0.67909,0.01205,0.30886,99,"{""spectral_lr"": {""C"": 1.0}, ""riemann_ts_lr"": {""C"": 0.01}, ""all_lgbm"": {""num_leaves"": 7, ""n_estimators"": 200}}"
6,3,sub-088,2,0.08748,0.74249,0.17003,132,"{""spectral_lr"": {""C"": 1.0}, ""riemann_ts_lr"": {""C"": 0.01}, ""all_lgbm"": {""num_leaves"": 7, ""n_estimators"": 200}}"
6,4,sub-005,0,0.79342,0.06853,0.13805,145,"{""spectral_lr"": {""C"": 0.001}, ""riemann_ts_lr"": {""C"": 0.0001}, ""all_lgbm"": {""num_leaves"": 15, ""n_estimators"": 400, ""learning_rate"": 0.03}}"
6,4,sub-009,0,0.53200,0.25558,0.21242,106,"{""spectral_lr"": {""C"": 0.001}, ""riemann_ts_lr"": {""C"": 0.0001}, ""all_lgbm"": {""num_leaves"": 15, ""n_estimators"": 400, ""learning_rate"": 0.03}}"
6,4,sub-010,0,0.17027,0.33737,0.49236,225,"{""spectral_lr"": {""C"": 0.001}, ""riemann_ts_lr"": {""C"": 0.0001}, ""all_lgbm"": {""num_leaves"": 15, ""n_estimators"": 400, ""learning_rate"": 0.03}}"
6,4,sub-018,0,0.91148,0.02440,0.06412,146,"{""spectral_lr"": {""C"": 0.001}, ""riemann_ts_lr"": {""C"": 0.0001}, ""all_lgbm"": {""num_leaves"": 15, ""n_estimators"": 400, ""learning_rate"": 0.03}}"
6,4,sub-027,0,0.94081,0.00268,0.05651,145,"{""spectral_lr"": {""C"": 0.001}, ""riemann_ts_lr"": {""C"": 0.0001}, ""all_lgbm"": {""num_leaves"": 15, ""n_estimators"": 400, ""learning_rate"": 0.03}}"
6,4,sub-029,0,0.97008,0.00219,0.02773,122,"{""spectral_lr"": {""C"": 0.001}, ""riemann_ts_lr"": {""C"": 0.0001}, ""all_lgbm"": {""num_leaves"": 15, ""n_estimators"": 400, ""learning_rate"": 0.03}}"
6,4,sub-035,0,0.75519,0.01948,0.22533,109,"{""spectral_lr"": {""C"": 0.001}, ""riemann_ts_lr"": {""C"": 0.0001}, ""all_lgbm"": {""num_leaves"": 15, ""n_estimators"": 400, ""learning_rate"": 0.03}}"
6,4,sub-038,1,0.18840,0.72812,0.08348,150,"{""spectral_lr"": {""C"": 0.001}, ""riemann_ts_lr"": {""C"": 0.0001}, ""all_lgbm"": {""num_leaves"": 15, ""n_estimators"": 400, ""learning_rate"": 0.03}}"
6,4,sub-043,1,0.07559,0.15662,0.76779,152,"{""spectral_lr"": {""C"": 0.001}, ""riemann_ts_lr"": {""C"": 0.0001}, ""all_lgbm"": {""num_leaves"": 15, ""n_estimators"": 400, ""learning_rate"": 0.03}}"
6,4,sub-044,1,0.10848,0.86843,0.02309,163,"{""spectral_lr"": {""C"": 0.001}, ""riemann_ts_lr"": {""C"": 0.0001}, ""all_lgbm"": {""num_leaves"": 15, ""n_estimators"": 400, ""learning_rate"": 0.03}}"
6,4,sub-057,1,0.15567,0.77105,0.07329,146,"{""spectral_lr"": {""C"": 0.001}, ""riemann_ts_lr"": {""C"": 0.0001}, ""all_lgbm"": {""num_leaves"": 15, ""n_estimators"": 400, ""learning_rate"": 0.03}}"
6,4,sub-064,1,0.01785,0.97669,0.00547,151,"{""spectral_lr"": {""C"": 0.001}, ""riemann_ts_lr"": {""C"": 0.0001}, ""all_lgbm"": {""num_leaves"": 15, ""n_estimators"": 400, ""learning_rate"": 0.03}}"
6,4,sub-065,1,0.13333,0.54514,0.32153,163,"{""spectral_lr"": {""C"": 0.001}, ""riemann_ts_lr"": {""C"": 0.0001}, ""all_lgbm"": {""num_leaves"": 15, ""n_estimators"": 400, ""learning_rate"": 0.03}}"
6,4,sub-072,2,0.76591,0.00991,0.22418,108,"{""spectral_lr"": {""C"": 0.001}, ""riemann_ts_lr"": {""C"": 0.0001}, ""all_lgbm"": {""num_leaves"": 15, ""n_estimators"": 400, ""learning_rate"": 0.03}}"
6,4,sub-073,2,0.41696,0.28965,0.29339,143,"{""spectral_lr"": {""C"": 0.001}, ""riemann_ts_lr"": {""C"": 0.0001}, ""all_lgbm"": {""num_leaves"": 15, ""n_estimators"": 400, ""learning_rate"": 0.03}}"
6,4,sub-074,2,0.32847,0.32555,0.34598,165,"{""spectral_lr"": {""C"": 0.001}, ""riemann_ts_lr"": {""C"": 0.0001}, ""all_lgbm"": {""num_leaves"": 15, ""n_estimators"": 400, ""learning_rate"": 0.03}}"
6,4,sub-080,2,0.04327,0.94947,0.00726,151,"{""spectral_lr"": {""C"": 0.001}, ""riemann_ts_lr"": {""C"": 0.0001}, ""all_lgbm"": {""num_leaves"": 15, ""n_estimators"": 400, ""learning_rate"": 0.03}}"
7,0,sub-001,0,0.77514,0.09025,0.13462,100,"{""spectral_lr"": {""C"": 0.001}, ""riemann_ts_lr"": {""C"": 0.0001}, ""all_lgbm"": {""num_leaves"": 15, ""n_estimators"": 400, ""learning_rate"": 0.03}}"
7,0,sub-007,0,0.82938,0.00596,0.16466,134,"{""spectral_lr"": {""C"": 0.001}, ""riemann_ts_lr"": {""C"": 0.0001}, ""all_lgbm"": {""num_leaves"": 15, ""n_estimators"": 400, ""learning_rate"": 0.03}}"
7,0,sub-009,0,0.58947,0.28355,0.12698,106,"{""spectral_lr"": {""C"": 0.001}, ""riemann_ts_lr"": {""C"": 0.0001}, ""all_lgbm"": {""num_leaves"": 15, ""n_estimators"": 400, ""learning_rate"": 0.03}}"
7,0,sub-010,0,0.07542,0.70963,0.21495,225,"{""spectral_lr"": {""C"": 0.001}, ""riemann_ts_lr"": {""C"": 0.0001}, ""all_lgbm"": {""num_leaves"": 15, ""n_estimators"": 400, ""learning_rate"": 0.03}}"
7,0,sub-015,0,0.70688,0.25983,0.03329,143,"{""spectral_lr"": {""C"": 0.001}, ""riemann_ts_lr"": {""C"": 0.0001}, ""all_lgbm"": {""num_leaves"": 15, ""n_estimators"": 400, ""learning_rate"": 0.03}}"
7,0,sub-016,0,0.90106,0.02621,0.07273,164,"{""spectral_lr"": {""C"": 0.001}, ""riemann_ts_lr"": {""C"": 0.0001}, ""all_lgbm"": {""num_leaves"": 15, ""n_estimators"": 400, ""learning_rate"": 0.03}}"
7,0,sub-028,0,0.95807,0.00367,0.03826,131,"{""spectral_lr"": {""C"": 0.001}, ""riemann_ts_lr"": {""C"": 0.0001}, ""all_lgbm"": {""num_leaves"": 15, ""n_estimators"": 400, ""learning_rate"": 0.03}}"
7,0,sub-035,0,0.51551,0.01588,0.46861,109,"{""spectral_lr"": {""C"": 0.001}, ""riemann_ts_lr"": {""C"": 0.0001}, ""all_lgbm"": {""num_leaves"": 15, ""n_estimators"": 400, ""learning_rate"": 0.03}}"
7,0,sub-037,1,0.26864,0.65924,0.07212,140,"{""spectral_lr"": {""C"": 0.001}, ""riemann_ts_lr"": {""C"": 0.0001}, ""all_lgbm"": {""num_leaves"": 15, ""n_estimators"": 400, ""learning_rate"": 0.03}}"
7,0,sub-044,1,0.09426,0.89265,0.01309,163,"{""spectral_lr"": {""C"": 0.001}, ""riemann_ts_lr"": {""C"": 0.0001}, ""all_lgbm"": {""num_leaves"": 15, ""n_estimators"": 400, ""learning_rate"": 0.03}}"
7,0,sub-046,1,0.15216,0.82200,0.02584,116,"{""spectral_lr"": {""C"": 0.001}, ""riemann_ts_lr"": {""C"": 0.0001}, ""all_lgbm"": {""num_leaves"": 15, ""n_estimators"": 400, ""learning_rate"": 0.03}}"
7,0,sub-058,1,0.05218,0.92291,0.02491,123,"{""spectral_lr"": {""C"": 0.001}, ""riemann_ts_lr"": {""C"": 0.0001}, ""all_lgbm"": {""num_leaves"": 15, ""n_estimators"": 400, ""learning_rate"": 0.03}}"
7,0,sub-062,1,0.35855,0.55302,0.08844,146,"{""spectral_lr"": {""C"": 0.001}, ""riemann_ts_lr"": {""C"": 0.0001}, ""all_lgbm"": {""num_leaves"": 15, ""n_estimators"": 400, ""learning_rate"": 0.03}}"
7,0,sub-071,2,0.21088,0.68266,0.10647,106,"{""spectral_lr"": {""C"": 0.001}, ""riemann_ts_lr"": {""C"": 0.0001}, ""all_lgbm"": {""num_leaves"": 15, ""n_estimators"": 400, ""learning_rate"": 0.03}}"
7,0,sub-073,2,0.11717,0.22293,0.65990,143,"{""spectral_lr"": {""C"": 0.001}, ""riemann_ts_lr"": {""C"": 0.0001}, ""all_lgbm"": {""num_leaves"": 15, ""n_estimators"": 400, ""learning_rate"": 0.03}}"
7,0,sub-080,2,0.06684,0.92585,0.00731,151,"{""spectral_lr"": {""C"": 0.001}, ""riemann_ts_lr"": {""C"": 0.0001}, ""all_lgbm"": {""num_leaves"": 15, ""n_estimators"": 400, ""learning_rate"": 0.03}}"
7,0,sub-085,2,0.75324,0.00464,0.24212,91,"{""spectral_lr"": {""C"": 0.001}, ""riemann_ts_lr"": {""C"": 0.0001}, ""all_lgbm"": {""num_leaves"": 15, ""n_estimators"": 400, ""learning_rate"": 0.03}}"
7,0,sub-088,2,0.40608,0.40603,0.18789,132,"{""spectral_lr"": {""C"": 0.001}, ""riemann_ts_lr"": {""C"": 0.0001}, ""all_lgbm"": {""num_leaves"": 15, ""n_estimators"": 400, ""learning_rate"": 0.03}}"
7,1,sub-003,0,0.21216,0.04708,0.74076,47,"{""spectral_lr"": {""C"": 1.0}, ""riemann_ts_lr"": {""C"": 0.0001}, ""all_lgbm"": {""num_leaves"": 15, ""n_estimators"": 400, ""learning_rate"": 0.03}}"
7,1,sub-006,0,0.03627,0.94770,0.01603,106,"{""spectral_lr"": {""C"": 1.0}, ""riemann_ts_lr"": {""C"": 0.0001}, ""all_lgbm"": {""num_leaves"": 15, ""n_estimators"": 400, ""learning_rate"": 0.03}}"
7,1,sub-011,0,0.01461,0.00406,0.98133,120,"{""spectral_lr"": {""C"": 1.0}, ""riemann_ts_lr"": {""C"": 0.0001}, ""all_lgbm"": {""num_leaves"": 15, ""n_estimators"": 400, ""learning_rate"": 0.03}}"
7,1,sub-023,0,0.95033,0.00934,0.04033,120,"{""spectral_lr"": {""C"": 1.0}, ""riemann_ts_lr"": {""C"": 0.0001}, ""all_lgbm"": {""num_leaves"": 15, ""n_estimators"": 400, ""learning_rate"": 0.03}}"
7,1,sub-024,0,0.99591,0.00025,0.00384,124,"{""spectral_lr"": {""C"": 1.0}, ""riemann_ts_lr"": {""C"": 0.0001}, ""all_lgbm"": {""num_leaves"": 15, ""n_estimators"": 400, ""learning_rate"": 0.03}}"
7,1,sub-030,0,0.78990,0.20172,0.00838,88,"{""spectral_lr"": {""C"": 1.0}, ""riemann_ts_lr"": {""C"": 0.0001}, ""all_lgbm"": {""num_leaves"": 15, ""n_estimators"": 400, ""learning_rate"": 0.03}}"
7,1,sub-032,0,0.99685,0.00067,0.00248,96,"{""spectral_lr"": {""C"": 1.0}, ""riemann_ts_lr"": {""C"": 0.0001}, ""all_lgbm"": {""num_leaves"": 15, ""n_estimators"": 400, ""learning_rate"": 0.03}}"
7,1,sub-041,1,0.00088,0.99876,0.00037,164,"{""spectral_lr"": {""C"": 1.0}, ""riemann_ts_lr"": {""C"": 0.0001}, ""all_lgbm"": {""num_leaves"": 15, ""n_estimators"": 400, ""learning_rate"": 0.03}}"
7,1,sub-050,1,0.18754,0.70761,0.10485,141,"{""spectral_lr"": {""C"": 1.0}, ""riemann_ts_lr"": {""C"": 0.0001}, ""all_lgbm"": {""num_leaves"": 15, ""n_estimators"": 400, ""learning_rate"": 0.03}}"
7,1,sub-052,1,0.03278,0.96275,0.00447,133,"{""spectral_lr"": {""C"": 1.0}, ""riemann_ts_lr"": {""C"": 0.0001}, ""all_lgbm"": {""num_leaves"": 15, ""n_estimators"": 400, ""learning_rate"": 0.03}}"
7,1,sub-060,1,0.02596,0.97160,0.00243,126,"{""spectral_lr"": {""C"": 1.0}, ""riemann_ts_lr"": {""C"": 0.0001}, ""all_lgbm"": {""num_leaves"": 15, ""n_estimators"": 400, ""learning_rate"": 0.03}}"
7,1,sub-061,1,0.49990,0.01684,0.48326,130,"{""spectral_lr"": {""C"": 1.0}, ""riemann_ts_lr"": {""C"": 0.0001}, ""all_lgbm"": {""num_leaves"": 15, ""n_estimators"": 400, ""learning_rate"": 0.03}}"
7,1,sub-065,1,0.10514,0.78199,0.11287,163,"{""spectral_lr"": {""C"": 1.0}, ""riemann_ts_lr"": {""C"": 0.0001}, ""all_lgbm"": {""num_leaves"": 15, ""n_estimators"": 400, ""learning_rate"": 0.03}}"
7,1,sub-066,2,0.34096,0.01437,0.64468,93,"{""spectral_lr"": {""C"": 1.0}, ""riemann_ts_lr"": {""C"": 0.0001}, ""all_lgbm"": {""num_leaves"": 15, ""n_estimators"": 400, ""learning_rate"": 0.03}}"
7,1,sub-076,2,0.98446,0.01348,0.00207,148,"{""spectral_lr"": {""C"": 1.0}, ""riemann_ts_lr"": {""C"": 0.0001}, ""all_lgbm"": {""num_leaves"": 15, ""n_estimators"": 400, ""learning_rate"": 0.03}}"
7,1,sub-078,2,0.20766,0.34186,0.45049,150,"{""spectral_lr"": {""C"": 1.0}, ""riemann_ts_lr"": {""C"": 0.0001}, ""all_lgbm"": {""num_leaves"": 15, ""n_estimators"": 400, ""learning_rate"": 0.03}}"
7,1,sub-082,2,0.16089,0.14462,0.69449,137,"{""spectral_lr"": {""C"": 1.0}, ""riemann_ts_lr"": {""C"": 0.0001}, ""all_lgbm"": {""num_leaves"": 15, ""n_estimators"": 400, ""learning_rate"": 0.03}}"
7,1,sub-083,2,0.15705,0.00219,0.84076,158,"{""spectral_lr"": {""C"": 1.0}, ""riemann_ts_lr"": {""C"": 0.0001}, ""all_lgbm"": {""num_leaves"": 15, ""n_estimators"": 400, ""learning_rate"": 0.03}}"
7,2,sub-005,0,0.61832,0.09686,0.28483,145,"{""spectral_lr"": {""C"": 0.0001}, ""riemann_ts_lr"": {""C"": 0.0001}, ""all_lgbm"": {""num_leaves"": 15, ""n_estimators"": 400, ""learning_rate"": 0.03}}"
7,2,sub-019,0,0.35967,0.23859,0.40174,161,"{""spectral_lr"": {""C"": 0.0001}, ""riemann_ts_lr"": {""C"": 0.0001}, ""all_lgbm"": {""num_leaves"": 15, ""n_estimators"": 400, ""learning_rate"": 0.03}}"
7,2,sub-020,0,0.84912,0.04786,0.10302,160,"{""spectral_lr"": {""C"": 0.0001}, ""riemann_ts_lr"": {""C"": 0.0001}, ""all_lgbm"": {""num_leaves"": 15, ""n_estimators"": 400, ""learning_rate"": 0.03}}"
7,2,sub-022,0,0.66630,0.03423,0.29947,146,"{""spectral_lr"": {""C"": 0.0001}, ""riemann_ts_lr"": {""C"": 0.0001}, ""all_lgbm"": {""num_leaves"": 15, ""n_estimators"": 400, ""learning_rate"": 0.03}}"
7,2,sub-026,0,0.78975,0.07314,0.13711,138,"{""spectral_lr"": {""C"": 0.0001}, ""riemann_ts_lr"": {""C"": 0.0001}, ""all_lgbm"": {""num_leaves"": 15, ""n_estimators"": 400, ""learning_rate"": 0.03}}"
7,2,sub-027,0,0.89031,0.00964,0.10006,145,"{""spectral_lr"": {""C"": 0.0001}, ""riemann_ts_lr"": {""C"": 0.0001}, ""all_lgbm"": {""num_leaves"": 15, ""n_estimators"": 400, ""learning_rate"": 0.03}}"
7,2,sub-033,0,0.41615,0.28845,0.29540,128,"{""spectral_lr"": {""C"": 0.0001}, ""riemann_ts_lr"": {""C"": 0.0001}, ""all_lgbm"": {""num_leaves"": 15, ""n_estimators"": 400, ""learning_rate"": 0.03}}"
7,2,sub-043,1,0.11652,0.22886,0.65462,152,"{""spectral_lr"": {""C"": 0.0001}, ""riemann_ts_lr"": {""C"": 0.0001}, ""all_lgbm"": {""num_leaves"": 15, ""n_estimators"": 400, ""learning_rate"": 0.03}}"
7,2,sub-048,1,0.04877,0.92185,0.02938,162,"{""spectral_lr"": {""C"": 0.0001}, ""riemann_ts_lr"": {""C"": 0.0001}, ""all_lgbm"": {""num_leaves"": 15, ""n_estimators"": 400, ""learning_rate"": 0.03}}"
7,2,sub-051,1,0.09223,0.85384,0.05393,115,"{""spectral_lr"": {""C"": 0.0001}, ""riemann_ts_lr"": {""C"": 0.0001}, ""all_lgbm"": {""num_leaves"": 15, ""n_estimators"": 400, ""learning_rate"": 0.03}}"
7,2,sub-055,1,0.02820,0.94385,0.02795,140,"{""spectral_lr"": {""C"": 0.0001}, ""riemann_ts_lr"": {""C"": 0.0001}, ""all_lgbm"": {""num_leaves"": 15, ""n_estimators"": 400, ""learning_rate"": 0.03}}"
7,2,sub-059,1,0.20932,0.51386,0.27682,141,"{""spectral_lr"": {""C"": 0.0001}, ""riemann_ts_lr"": {""C"": 0.0001}, ""all_lgbm"": {""num_leaves"": 15, ""n_estimators"": 400, ""learning_rate"": 0.03}}"
7,2,sub-063,1,0.22720,0.58726,0.18554,140,"{""spectral_lr"": {""C"": 0.0001}, ""riemann_ts_lr"": {""C"": 0.0001}, ""all_lgbm"": {""num_leaves"": 15, ""n_estimators"": 400, ""learning_rate"": 0.03}}"
7,2,sub-067,2,0.13727,0.08143,0.78130,112,"{""spectral_lr"": {""C"": 0.0001}, ""riemann_ts_lr"": {""C"": 0.0001}, ""all_lgbm"": {""num_leaves"": 15, ""n_estimators"": 400, ""learning_rate"": 0.03}}"
7,2,sub-079,2,0.23092,0.36561,0.40347,135,"{""spectral_lr"": {""C"": 0.0001}, ""riemann_ts_lr"": {""C"": 0.0001}, ""all_lgbm"": {""num_leaves"": 15, ""n_estimators"": 400, ""learning_rate"": 0.03}}"
7,2,sub-081,2,0.91053,0.02587,0.06360,142,"{""spectral_lr"": {""C"": 0.0001}, ""riemann_ts_lr"": {""C"": 0.0001}, ""all_lgbm"": {""num_leaves"": 15, ""n_estimators"": 400, ""learning_rate"": 0.03}}"
7,2,sub-086,2,0.11853,0.50000,0.38147,40,"{""spectral_lr"": {""C"": 0.0001}, ""riemann_ts_lr"": {""C"": 0.0001}, ""all_lgbm"": {""num_leaves"": 15, ""n_estimators"": 400, ""learning_rate"": 0.03}}"
7,2,sub-087,2,0.56139,0.11392,0.32469,99,"{""spectral_lr"": {""C"": 0.0001}, ""riemann_ts_lr"": {""C"": 0.0001}, ""all_lgbm"": {""num_leaves"": 15, ""n_estimators"": 400, ""learning_rate"": 0.03}}"
7,3,sub-004,0,0.78185,0.00548,0.21267,120,"{""spectral_lr"": {""C"": 0.01}, ""riemann_ts_lr"": {""C"": 0.0001}, ""all_lgbm"": {""num_leaves"": 7, ""n_estimators"": 200}}"
7,3,sub-013,0,0.45451,0.01203,0.53345,151,"{""spectral_lr"": {""C"": 0.01}, ""riemann_ts_lr"": {""C"": 0.0001}, ""all_lgbm"": {""num_leaves"": 7, ""n_estimators"": 200}}"
7,3,sub-014,0,0.75483,0.01779,0.22739,157,"{""spectral_lr"": {""C"": 0.01}, ""riemann_ts_lr"": {""C"": 0.0001}, ""all_lgbm"": {""num_leaves"": 7, ""n_estimators"": 200}}"
7,3,sub-018,0,0.93817,0.01480,0.04703,146,"{""spectral_lr"": {""C"": 0.01}, ""riemann_ts_lr"": {""C"": 0.0001}, ""all_lgbm"": {""num_leaves"": 7, ""n_estimators"": 200}}"
7,3,sub-029,0,0.89325,0.00424,0.10251,122,"{""spectral_lr"": {""C"": 0.01}, ""riemann_ts_lr"": {""C"": 0.0001}, ""all_lgbm"": {""num_leaves"": 7, ""n_estimators"": 200}}"
7,3,sub-031,0,0.41517,0.45293,0.13190,183,"{""spectral_lr"": {""C"": 0.01}, ""riemann_ts_lr"": {""C"": 0.0001}, ""all_lgbm"": {""num_leaves"": 7, ""n_estimators"": 200}}"
7,3,sub-036,0,0.20967,0.68293,0.10740,143,"{""spectral_lr"": {""C"": 0.01}, ""riemann_ts_lr"": {""C"": 0.0001}, ""all_lgbm"": {""num_leaves"": 7, ""n_estimators"": 200}}"
7,3,sub-039,1,0.13658,0.83220,0.03122,141,"{""spectral_lr"": {""C"": 0.01}, ""riemann_ts_lr"": {""C"": 0.0001}, ""all_lgbm"": {""num_leaves"": 7, ""n_estimators"": 200}}"
7,3,sub-042,1,0.07265,0.90961,0.01773,167,"{""spectral_lr"": {""C"": 0.01}, ""riemann_ts_lr"": {""C"": 0.0001}, ""all_lgbm"": {""num_leaves"": 7, ""n_estimators"": 200}}"
7,3,sub-047,1,0.10099,0.61093,0.28808,145,"{""spectral_lr"": {""C"": 0.01}, ""riemann_ts_lr"": {""C"": 0.0001}, ""all_lgbm"": {""num_leaves"": 7, ""n_estimators"": 200}}"
7,3,sub-049,1,0.01745,0.92845,0.05410,131,"{""spectral_lr"": {""C"": 0.01}, ""riemann_ts_lr"": {""C"": 0.0001}, ""all_lgbm"": {""num_leaves"": 7, ""n_estimators"": 200}}"
7,3,sub-056,1,0.53991,0.33758,0.12251,96,"{""spectral_lr"": {""C"": 0.01}, ""riemann_ts_lr"": {""C"": 0.0001}, ""all_lgbm"": {""num_leaves"": 7, ""n_estimators"": 200}}"
7,3,sub-064,1,0.01513,0.97356,0.01130,151,"{""spectral_lr"": {""C"": 0.01}, ""riemann_ts_lr"": {""C"": 0.0001}, ""all_lgbm"": {""num_leaves"": 7, ""n_estimators"": 200}}"
7,3,sub-068,2,0.61963,0.21337,0.16699,94,"{""spectral_lr"": {""C"": 0.01}, ""riemann_ts_lr"": {""C"": 0.0001}, ""all_lgbm"": {""num_leaves"": 7, ""n_estimators"": 200}}"
7,3,sub-069,2,0.92130,0.01288,0.06581,108,"{""spectral_lr"": {""C"": 0.01}, ""riemann_ts_lr"": {""C"": 0.0001}, ""all_lgbm"": {""num_leaves"": 7, ""n_estimators"": 200}}"
7,3,sub-070,2,0.56161,0.29300,0.14540,82,"{""spectral_lr"": {""C"": 0.01}, ""riemann_ts_lr"": {""C"": 0.0001}, ""all_lgbm"": {""num_leaves"": 7, ""n_estimators"": 200}}"
7,3,sub-074,2,0.20903,0.18178,0.60919,165,"{""spectral_lr"": {""C"": 0.01}, ""riemann_ts_lr"": {""C"": 0.0001}, ""all_lgbm"": {""num_leaves"": 7, ""n_estimators"": 200}}"
7,4,sub-002,0,0.42941,0.17080,0.39979,139,"{""spectral_lr"": {""C"": 0.001}, ""riemann_ts_lr"": {""C"": 0.0001}, ""all_lgbm"": {""num_leaves"": 15, ""n_estimators"": 400, ""learning_rate"": 0.03}}"
7,4,sub-008,0,0.92420,0.03717,0.03862,138,"{""spectral_lr"": {""C"": 0.001}, ""riemann_ts_lr"": {""C"": 0.0001}, ""all_lgbm"": {""num_leaves"": 15, ""n_estimators"": 400, ""learning_rate"": 0.03}}"
7,4,sub-012,0,0.08782,0.70957,0.20261,152,"{""spectral_lr"": {""C"": 0.001}, ""riemann_ts_lr"": {""C"": 0.0001}, ""all_lgbm"": {""num_leaves"": 15, ""n_estimators"": 400, ""learning_rate"": 0.03}}"
7,4,sub-017,0,0.95513,0.00324,0.04163,137,"{""spectral_lr"": {""C"": 0.001}, ""riemann_ts_lr"": {""C"": 0.0001}, ""all_lgbm"": {""num_leaves"": 15, ""n_estimators"": 400, ""learning_rate"": 0.03}}"
7,4,sub-021,0,0.45962,0.31384,0.22654,156,"{""spectral_lr"": {""C"": 0.001}, ""riemann_ts_lr"": {""C"": 0.0001}, ""all_lgbm"": {""num_leaves"": 15, ""n_estimators"": 400, ""learning_rate"": 0.03}}"
7,4,sub-025,0,0.01187,0.77058,0.21756,106,"{""spectral_lr"": {""C"": 0.001}, ""riemann_ts_lr"": {""C"": 0.0001}, ""all_lgbm"": {""num_leaves"": 15, ""n_estimators"": 400, ""learning_rate"": 0.03}}"
7,4,sub-034,0,0.87310,0.01350,0.11340,166,"{""spectral_lr"": {""C"": 0.001}, ""riemann_ts_lr"": {""C"": 0.0001}, ""all_lgbm"": {""num_leaves"": 15, ""n_estimators"": 400, ""learning_rate"": 0.03}}"
7,4,sub-038,1,0.05132,0.89238,0.05630,150,"{""spectral_lr"": {""C"": 0.001}, ""riemann_ts_lr"": {""C"": 0.0001}, ""all_lgbm"": {""num_leaves"": 15, ""n_estimators"": 400, ""learning_rate"": 0.03}}"
7,4,sub-040,1,0.04944,0.78609,0.16447,132,"{""spectral_lr"": {""C"": 0.001}, ""riemann_ts_lr"": {""C"": 0.0001}, ""all_lgbm"": {""num_leaves"": 15, ""n_estimators"": 400, ""learning_rate"": 0.03}}"
7,4,sub-045,1,0.56198,0.36464,0.07339,127,"{""spectral_lr"": {""C"": 0.001}, ""riemann_ts_lr"": {""C"": 0.0001}, ""all_lgbm"": {""num_leaves"": 15, ""n_estimators"": 400, ""learning_rate"": 0.03}}"
7,4,sub-053,1,0.18635,0.60248,0.21117,106,"{""spectral_lr"": {""C"": 0.001}, ""riemann_ts_lr"": {""C"": 0.0001}, ""all_lgbm"": {""num_leaves"": 15, ""n_estimators"": 400, ""learning_rate"": 0.03}}"
7,4,sub-054,1,0.24953,0.48358,0.26689,125,"{""spectral_lr"": {""C"": 0.001}, ""riemann_ts_lr"": {""C"": 0.0001}, ""all_lgbm"": {""num_leaves"": 15, ""n_estimators"": 400, ""learning_rate"": 0.03}}"
7,4,sub-057,1,0.23892,0.62197,0.13911,146,"{""spectral_lr"": {""C"": 0.001}, ""riemann_ts_lr"": {""C"": 0.0001}, ""all_lgbm"": {""num_leaves"": 15, ""n_estimators"": 400, ""learning_rate"": 0.03}}"
7,4,sub-072,2,0.86567,0.01263,0.12170,108,"{""spectral_lr"": {""C"": 0.001}, ""riemann_ts_lr"": {""C"": 0.0001}, ""all_lgbm"": {""num_leaves"": 15, ""n_estimators"": 400, ""learning_rate"": 0.03}}"
7,4,sub-075,2,0.12153,0.06434,0.81413,127,"{""spectral_lr"": {""C"": 0.001}, ""riemann_ts_lr"": {""C"": 0.0001}, ""all_lgbm"": {""num_leaves"": 15, ""n_estimators"": 400, ""learning_rate"": 0.03}}"
7,4,sub-077,2,0.36066,0.26850,0.37084,114,"{""spectral_lr"": {""C"": 0.001}, ""riemann_ts_lr"": {""C"": 0.0001}, ""all_lgbm"": {""num_leaves"": 15, ""n_estimators"": 400, ""learning_rate"": 0.03}}"
7,4,sub-084,2,0.92785,0.00355,0.06860,117,"{""spectral_lr"": {""C"": 0.001}, ""riemann_ts_lr"": {""C"": 0.0001}, ""all_lgbm"": {""num_leaves"": 15, ""n_estimators"": 400, ""learning_rate"": 0.03}}"
8,0,sub-002,0,0.26748,0.20011,0.53241,139,"{""spectral_lr"": {""C"": 0.001}, ""riemann_ts_lr"": {""C"": 0.0001}, ""all_lgbm"": {""num_leaves"": 7, ""n_estimators"": 200}}"
8,0,sub-003,0,0.19465,0.09815,0.70720,47,"{""spectral_lr"": {""C"": 0.001}, ""riemann_ts_lr"": {""C"": 0.0001}, ""all_lgbm"": {""num_leaves"": 7, ""n_estimators"": 200}}"
8,0,sub-004,0,0.78096,0.01050,0.20854,120,"{""spectral_lr"": {""C"": 0.001}, ""riemann_ts_lr"": {""C"": 0.0001}, ""all_lgbm"": {""num_leaves"": 7, ""n_estimators"": 200}}"
8,0,sub-009,0,0.50758,0.33934,0.15308,106,"{""spectral_lr"": {""C"": 0.001}, ""riemann_ts_lr"": {""C"": 0.0001}, ""all_lgbm"": {""num_leaves"": 7, ""n_estimators"": 200}}"
8,0,sub-011,0,0.28046,0.06889,0.65065,120,"{""spectral_lr"": {""C"": 0.001}, ""riemann_ts_lr"": {""C"": 0.0001}, ""all_lgbm"": {""num_leaves"": 7, ""n_estimators"": 200}}"
8,0,sub-012,0,0.14714,0.65286,0.20000,152,"{""spectral_lr"": {""C"": 0.001}, ""riemann_ts_lr"": {""C"": 0.0001}, ""all_lgbm"": {""num_leaves"": 7, ""n_estimators"": 200}}"
8,0,sub-017,0,0.89896,0.00788,0.09316,137,"{""spectral_lr"": {""C"": 0.001}, ""riemann_ts_lr"": {""C"": 0.0001}, ""all_lgbm"": {""num_leaves"": 7, ""n_estimators"": 200}}"
8,0,sub-029,0,0.97708,0.00428,0.01865,122,"{""spectral_lr"": {""C"": 0.001}, ""riemann_ts_lr"": {""C"": 0.0001}, ""all_lgbm"": {""num_leaves"": 7, ""n_estimators"": 200}}"
8,0,sub-040,1,0.06740,0.79595,0.13665,132,"{""spectral_lr"": {""C"": 0.001}, ""riemann_ts_lr"": {""C"": 0.0001}, ""all_lgbm"": {""num_leaves"": 7, ""n_estimators"": 200}}"
8,0,sub-045,1,0.40157,0.51813,0.08030,127,"{""spectral_lr"": {""C"": 0.001}, ""riemann_ts_lr"": {""C"": 0.0001}, ""all_lgbm"": {""num_leaves"": 7, ""n_estimators"": 200}}"
8,0,sub-048,1,0.07406,0.89982,0.02611,162,"{""spectral_lr"": {""C"": 0.001}, ""riemann_ts_lr"": {""C"": 0.0001}, ""all_lgbm"": {""num_leaves"": 7, ""n_estimators"": 200}}"
8,0,sub-056,1,0.13841,0.73409,0.12750,96,"{""spectral_lr"": {""C"": 0.001}, ""riemann_ts_lr"": {""C"": 0.0001}, ""all_lgbm"": {""num_leaves"": 7, ""n_estimators"": 200}}"
8,0,sub-061,1,0.24761,0.21157,0.54083,130,"{""spectral_lr"": {""C"": 0.001}, ""riemann_ts_lr"": {""C"": 0.0001}, ""all_lgbm"": {""num_leaves"": 7, ""n_estimators"": 200}}"
8,0,sub-071,2,0.22465,0.61851,0.15684,106,"{""spectral_lr"": {""C"": 0.001}, ""riemann_ts_lr"": {""C"": 0.0001}, ""all_lgbm"": {""num_leaves"": 7, ""n_estimators"": 200}}"
8,0,sub-079,2,0.17290,0.18333,0.64376,135,"{""spectral_lr"": {""C"": 0.001}, ""riemann_ts_lr"": {""C"": 0.0001}, ""all_lgbm"": {""num_leaves"": 7, ""n_estimators"": 200}}"
8,0,sub-081,2,0.83783,0.03117,0.13100,142,"{""spectral_lr"": {""C"": 0.001}, ""riemann_ts_lr"": {""C"": 0.0001}, ""all_lgbm"": {""num_leaves"": 7, ""n_estimators"": 200}}"
8,0,sub-084,2,0.74831,0.01421,0.23749,117,"{""spectral_lr"": {""C"": 0.001}, ""riemann_ts_lr"": {""C"": 0.0001}, ""all_lgbm"": {""num_leaves"": 7, ""n_estimators"": 200}}"
8,0,sub-088,2,0.20702,0.55001,0.24297,132,"{""spectral_lr"": {""C"": 0.001}, ""riemann_ts_lr"": {""C"": 0.0001}, ""all_lgbm"": {""num_leaves"": 7, ""n_estimators"": 200}}"
8,1,sub-008,0,0.94589,0.00619,0.04792,138,"{""spectral_lr"": {""C"": 0.1}, ""riemann_ts_lr"": {""C"": 0.0001}, ""all_lgbm"": {""num_leaves"": 15, ""n_estimators"": 400, ""learning_rate"": 0.03}}"
8,1,sub-010,0,0.25572,0.40645,0.33783,225,"{""spectral_lr"": {""C"": 0.1}, ""riemann_ts_lr"": {""C"": 0.0001}, ""all_lgbm"": {""num_leaves"": 15, ""n_estimators"": 400, ""learning_rate"": 0.03}}"
8,1,sub-014,0,0.98216,0.00258,0.01526,157,"{""spectral_lr"": {""C"": 0.1}, ""riemann_ts_lr"": {""C"": 0.0001}, ""all_lgbm"": {""num_leaves"": 15, ""n_estimators"": 400, ""learning_rate"": 0.03}}"
8,1,sub-016,0,0.99168,0.00195,0.00637,164,"{""spectral_lr"": {""C"": 0.1}, ""riemann_ts_lr"": {""C"": 0.0001}, ""all_lgbm"": {""num_leaves"": 15, ""n_estimators"": 400, ""learning_rate"": 0.03}}"
8,1,sub-021,0,0.72218,0.11411,0.16371,156,"{""spectral_lr"": {""C"": 0.1}, ""riemann_ts_lr"": {""C"": 0.0001}, ""all_lgbm"": {""num_leaves"": 15, ""n_estimators"": 400, ""learning_rate"": 0.03}}"
8,1,sub-031,0,0.33694,0.52673,0.13633,183,"{""spectral_lr"": {""C"": 0.1}, ""riemann_ts_lr"": {""C"": 0.0001}, ""all_lgbm"": {""num_leaves"": 15, ""n_estimators"": 400, ""learning_rate"": 0.03}}"
8,1,sub-032,0,0.97823,0.00208,0.01969,96,"{""spectral_lr"": {""C"": 0.1}, ""riemann_ts_lr"": {""C"": 0.0001}, ""all_lgbm"": {""num_leaves"": 15, ""n_estimators"": 400, ""learning_rate"": 0.03}}"
8,1,sub-038,1,0.06072,0.90804,0.03124,150,"{""spectral_lr"": {""C"": 0.1}, ""riemann_ts_lr"": {""C"": 0.0001}, ""all_lgbm"": {""num_leaves"": 15, ""n_estimators"": 400, ""learning_rate"": 0.03}}"
8,1,sub-041,1,0.00171,0.99479,0.00350,164,"{""spectral_lr"": {""C"": 0.1}, ""riemann_ts_lr"": {""C"": 0.0001}, ""all_lgbm"": {""num_leaves"": 15, ""n_estimators"": 400, ""learning_rate"": 0.03}}"
8,1,sub-042,1,0.01597,0.98102,0.00302,167,"{""spectral_lr"": {""C"": 0.1}, ""riemann_ts_lr"": {""C"": 0.0001}, ""all_lgbm"": {""num_leaves"": 15, ""n_estimators"": 400, ""learning_rate"": 0.03}}"
8,1,sub-052,1,0.08180,0.87510,0.04309,133,"{""spectral_lr"": {""C"": 0.1}, ""riemann_ts_lr"": {""C"": 0.0001}, ""all_lgbm"": {""num_leaves"": 15, ""n_estimators"": 400, ""learning_rate"": 0.03}}"
8,1,sub-059,1,0.21291,0.43785,0.34923,141,"{""spectral_lr"": {""C"": 0.1}, ""riemann_ts_lr"": {""C"": 0.0001}, ""all_lgbm"": {""num_leaves"": 15, ""n_estimators"": 400, ""learning_rate"": 0.03}}"
8,1,sub-065,1,0.11944,0.55395,0.32661,163,"{""spectral_lr"": {""C"": 0.1}, ""riemann_ts_lr"": {""C"": 0.0001}, ""all_lgbm"": {""num_leaves"": 15, ""n_estimators"": 400, ""learning_rate"": 0.03}}"
8,1,sub-077,2,0.34432,0.50996,0.14572,114,"{""spectral_lr"": {""C"": 0.1}, ""riemann_ts_lr"": {""C"": 0.0001}, ""all_lgbm"": {""num_leaves"": 15, ""n_estimators"": 400, ""learning_rate"": 0.03}}"
8,1,sub-082,2,0.08907,0.48917,0.42177,137,"{""spectral_lr"": {""C"": 0.1}, ""riemann_ts_lr"": {""C"": 0.0001}, ""all_lgbm"": {""num_leaves"": 15, ""n_estimators"": 400, ""learning_rate"": 0.03}}"
8,1,sub-083,2,0.43351,0.01746,0.54902,158,"{""spectral_lr"": {""C"": 0.1}, ""riemann_ts_lr"": {""C"": 0.0001}, ""all_lgbm"": {""num_leaves"": 15, ""n_estimators"": 400, ""learning_rate"": 0.03}}"
8,1,sub-085,2,0.98723,0.00065,0.01212,91,"{""spectral_lr"": {""C"": 0.1}, ""riemann_ts_lr"": {""C"": 0.0001}, ""all_lgbm"": {""num_leaves"": 15, ""n_estimators"": 400, ""learning_rate"": 0.03}}"
8,1,sub-086,2,0.21606,0.73671,0.04723,40,"{""spectral_lr"": {""C"": 0.1}, ""riemann_ts_lr"": {""C"": 0.0001}, ""all_lgbm"": {""num_leaves"": 15, ""n_estimators"": 400, ""learning_rate"": 0.03}}"
8,2,sub-019,0,0.36128,0.35267,0.28605,161,"{""spectral_lr"": {""C"": 0.001}, ""riemann_ts_lr"": {""C"": 0.0001}, ""all_lgbm"": {""num_leaves"": 7, ""n_estimators"": 200}}"
8,2,sub-022,0,0.62455,0.03852,0.33694,146,"{""spectral_lr"": {""C"": 0.001}, ""riemann_ts_lr"": {""C"": 0.0001}, ""all_lgbm"": {""num_leaves"": 7, ""n_estimators"": 200}}"
8,2,sub-024,0,0.94748,0.01131,0.04121,124,"{""spectral_lr"": {""C"": 0.001}, ""riemann_ts_lr"": {""C"": 0.0001}, ""all_lgbm"": {""num_leaves"": 7, ""n_estimators"": 200}}"
8,2,sub-025,0,0.05690,0.52800,0.41510,106,"{""spectral_lr"": {""C"": 0.001}, ""riemann_ts_lr"": {""C"": 0.0001}, ""all_lgbm"": {""num_leaves"": 7, ""n_estimators"": 200}}"
8,2,sub-026,0,0.82335,0.06836,0.10829,138,"{""spectral_lr"": {""C"": 0.001}, ""riemann_ts_lr"": {""C"": 0.0001}, ""all_lgbm"": {""num_leaves"": 7, ""n_estimators"": 200}}"
8,2,sub-030,0,0.89014,0.03950,0.07036,88,"{""spectral_lr"": {""C"": 0.001}, ""riemann_ts_lr"": {""C"": 0.0001}, ""all_lgbm"": {""num_leaves"": 7, ""n_estimators"": 200}}"
8,2,sub-036,0,0.28586,0.62879,0.08535,143,"{""spectral_lr"": {""C"": 0.001}, ""riemann_ts_lr"": {""C"": 0.0001}, ""all_lgbm"": {""num_leaves"": 7, ""n_estimators"": 200}}"
8,2,sub-043,1,0.07817,0.20616,0.71567,152,"{""spectral_lr"": {""C"": 0.001}, ""riemann_ts_lr"": {""C"": 0.0001}, ""all_lgbm"": {""num_leaves"": 7, ""n_estimators"": 200}}"
8,2,sub-050,1,0.22408,0.31822,0.45770,141,"{""spectral_lr"": {""C"": 0.001}, ""riemann_ts_lr"": {""C"": 0.0001}, ""all_lgbm"": {""num_leaves"": 7, ""n_estimators"": 200}}"
8,2,sub-051,1,0.10314,0.83839,0.05847,115,"{""spectral_lr"": {""C"": 0.001}, ""riemann_ts_lr"": {""C"": 0.0001}, ""all_lgbm"": {""num_leaves"": 7, ""n_estimators"": 200}}"
8,2,sub-053,1,0.44494,0.16987,0.38520,106,"{""spectral_lr"": {""C"": 0.001}, ""riemann_ts_lr"": {""C"": 0.0001}, ""all_lgbm"": {""num_leaves"": 7, ""n_estimators"": 200}}"
8,2,sub-055,1,0.03351,0.94118,0.02532,140,"{""spectral_lr"": {""C"": 0.001}, ""riemann_ts_lr"": {""C"": 0.0001}, ""all_lgbm"": {""num_leaves"": 7, ""n_estimators"": 200}}"
8,2,sub-060,1,0.04230,0.85788,0.09982,126,"{""spectral_lr"": {""C"": 0.001}, ""riemann_ts_lr"": {""C"": 0.0001}, ""all_lgbm"": {""num_leaves"": 7, ""n_estimators"": 200}}"
8,2,sub-067,2,0.16099,0.04701,0.79200,112,"{""spectral_lr"": {""C"": 0.001}, ""riemann_ts_lr"": {""C"": 0.0001}, ""all_lgbm"": {""num_leaves"": 7, ""n_estimators"": 200}}"
8,2,sub-068,2,0.39152,0.25942,0.34906,94,"{""spectral_lr"": {""C"": 0.001}, ""riemann_ts_lr"": {""C"": 0.0001}, ""all_lgbm"": {""num_leaves"": 7, ""n_estimators"": 200}}"
8,2,sub-074,2,0.20930,0.18367,0.60703,165,"{""spectral_lr"": {""C"": 0.001}, ""riemann_ts_lr"": {""C"": 0.0001}, ""all_lgbm"": {""num_leaves"": 7, ""n_estimators"": 200}}"
8,2,sub-075,2,0.28906,0.23489,0.47605,127,"{""spectral_lr"": {""C"": 0.001}, ""riemann_ts_lr"": {""C"": 0.0001}, ""all_lgbm"": {""num_leaves"": 7, ""n_estimators"": 200}}"
8,2,sub-076,2,0.60773,0.36094,0.03133,148,"{""spectral_lr"": {""C"": 0.001}, ""riemann_ts_lr"": {""C"": 0.0001}, ""all_lgbm"": {""num_leaves"": 7, ""n_estimators"": 200}}"
8,3,sub-001,0,0.39835,0.07548,0.52617,100,"{""spectral_lr"": {""C"": 0.1}, ""riemann_ts_lr"": {""C"": 0.0001}, ""all_lgbm"": {""num_leaves"": 15, ""n_estimators"": 400, ""learning_rate"": 0.03}}"
8,3,sub-005,0,0.35146,0.39445,0.25409,145,"{""spectral_lr"": {""C"": 0.1}, ""riemann_ts_lr"": {""C"": 0.0001}, ""all_lgbm"": {""num_leaves"": 15, ""n_estimators"": 400, ""learning_rate"": 0.03}}"
8,3,sub-007,0,0.98535,0.00027,0.01438,134,"{""spectral_lr"": {""C"": 0.1}, ""riemann_ts_lr"": {""C"": 0.0001}, ""all_lgbm"": {""num_leaves"": 15, ""n_estimators"": 400, ""learning_rate"": 0.03}}"
8,3,sub-013,0,0.40014,0.00510,0.59476,151,"{""spectral_lr"": {""C"": 0.1}, ""riemann_ts_lr"": {""C"": 0.0001}, ""all_lgbm"": {""num_leaves"": 15, ""n_estimators"": 400, ""learning_rate"": 0.03}}"
8,3,sub-015,0,0.95102,0.03204,0.01694,143,"{""spectral_lr"": {""C"": 0.1}, ""riemann_ts_lr"": {""C"": 0.0001}, ""all_lgbm"": {""num_leaves"": 15, ""n_estimators"": 400, ""learning_rate"": 0.03}}"
8,3,sub-020,0,0.73529,0.10753,0.15718,160,"{""spectral_lr"": {""C"": 0.1}, ""riemann_ts_lr"": {""C"": 0.0001}, ""all_lgbm"": {""num_leaves"": 15, ""n_estimators"": 400, ""learning_rate"": 0.03}}"
8,3,sub-035,0,0.79913,0.01843,0.18244,109,"{""spectral_lr"": {""C"": 0.1}, ""riemann_ts_lr"": {""C"": 0.0001}, ""all_lgbm"": {""num_leaves"": 15, ""n_estimators"": 400, ""learning_rate"": 0.03}}"
8,3,sub-037,1,0.18100,0.74881,0.07019,140,"{""spectral_lr"": {""C"": 0.1}, ""riemann_ts_lr"": {""C"": 0.0001}, ""all_lgbm"": {""num_leaves"": 15, ""n_estimators"": 400, ""learning_rate"": 0.03}}"
8,3,sub-039,1,0.12332,0.86862,0.00806,141,"{""spectral_lr"": {""C"": 0.1}, ""riemann_ts_lr"": {""C"": 0.0001}, ""all_lgbm"": {""num_leaves"": 15, ""n_estimators"": 400, ""learning_rate"": 0.03}}"
8,3,sub-047,1,0.01933,0.92346,0.05721,145,"{""spectral_lr"": {""C"": 0.1}, ""riemann_ts_lr"": {""C"": 0.0001}, ""all_lgbm"": {""num_leaves"": 15, ""n_estimators"": 400, ""learning_rate"": 0.03}}"
8,3,sub-049,1,0.00755,0.96908,0.02337,131,"{""spectral_lr"": {""C"": 0.1}, ""riemann_ts_lr"": {""C"": 0.0001}, ""all_lgbm"": {""num_leaves"": 15, ""n_estimators"": 400, ""learning_rate"": 0.03}}"
8,3,sub-062,1,0.23607,0.70721,0.05672,146,"{""spectral_lr"": {""C"": 0.1}, ""riemann_ts_lr"": {""C"": 0.0001}, ""all_lgbm"": {""num_leaves"": 15, ""n_estimators"": 400, ""learning_rate"": 0.03}}"
8,3,sub-064,1,0.00727,0.99087,0.00186,151,"{""spectral_lr"": {""C"": 0.1}, ""riemann_ts_lr"": {""C"": 0.0001}, ""all_lgbm"": {""num_leaves"": 15, ""n_estimators"": 400, ""learning_rate"": 0.03}}"
8,3,sub-066,2,0.91880,0.00743,0.07376,93,"{""spectral_lr"": {""C"": 0.1}, ""riemann_ts_lr"": {""C"": 0.0001}, ""all_lgbm"": {""num_leaves"": 15, ""n_estimators"": 400, ""learning_rate"": 0.03}}"
8,3,sub-072,2,0.97246,0.00053,0.02701,108,"{""spectral_lr"": {""C"": 0.1}, ""riemann_ts_lr"": {""C"": 0.0001}, ""all_lgbm"": {""num_leaves"": 15, ""n_estimators"": 400, ""learning_rate"": 0.03}}"
8,3,sub-073,2,0.06924,0.15916,0.77159,143,"{""spectral_lr"": {""C"": 0.1}, ""riemann_ts_lr"": {""C"": 0.0001}, ""all_lgbm"": {""num_leaves"": 15, ""n_estimators"": 400, ""learning_rate"": 0.03}}"
8,3,sub-078,2,0.02853,0.41732,0.55415,150,"{""spectral_lr"": {""C"": 0.1}, ""riemann_ts_lr"": {""C"": 0.0001}, ""all_lgbm"": {""num_leaves"": 15, ""n_estimators"": 400, ""learning_rate"": 0.03}}"
8,4,sub-006,0,0.10350,0.78481,0.11169,106,"{""spectral_lr"": {""C"": 0.0001}, ""riemann_ts_lr"": {""C"": 0.0001}, ""all_lgbm"": {""num_leaves"": 15, ""n_estimators"": 400, ""learning_rate"": 0.03}}"
8,4,sub-018,0,0.93876,0.02452,0.03671,146,"{""spectral_lr"": {""C"": 0.0001}, ""riemann_ts_lr"": {""C"": 0.0001}, ""all_lgbm"": {""num_leaves"": 15, ""n_estimators"": 400, ""learning_rate"": 0.03}}"
8,4,sub-023,0,0.82562,0.06823,0.10615,120,"{""spectral_lr"": {""C"": 0.0001}, ""riemann_ts_lr"": {""C"": 0.0001}, ""all_lgbm"": {""num_leaves"": 15, ""n_estimators"": 400, ""learning_rate"": 0.03}}"
8,4,sub-027,0,0.92093,0.00403,0.07504,145,"{""spectral_lr"": {""C"": 0.0001}, ""riemann_ts_lr"": {""C"": 0.0001}, ""all_lgbm"": {""num_leaves"": 15, ""n_estimators"": 400, ""learning_rate"": 0.03}}"
8,4,sub-028,0,0.94266,0.00671,0.05063,131,"{""spectral_lr"": {""C"": 0.0001}, ""riemann_ts_lr"": {""C"": 0.0001}, ""all_lgbm"": {""num_leaves"": 15, ""n_estimators"": 400, ""learning_rate"": 0.03}}"
8,4,sub-033,0,0.37277,0.21353,0.41370,128,"{""spectral_lr"": {""C"": 0.0001}, ""riemann_ts_lr"": {""C"": 0.0001}, ""all_lgbm"": {""num_leaves"": 15, ""n_estimators"": 400, ""learning_rate"": 0.03}}"
8,4,sub-034,0,0.86732,0.02779,0.10489,166,"{""spectral_lr"": {""C"": 0.0001}, ""riemann_ts_lr"": {""C"": 0.0001}, ""all_lgbm"": {""num_leaves"": 15, ""n_estimators"": 400, ""learning_rate"": 0.03}}"
8,4,sub-044,1,0.06673,0.89744,0.03583,163,"{""spectral_lr"": {""C"": 0.0001}, ""riemann_ts_lr"": {""C"": 0.0001}, ""all_lgbm"": {""num_leaves"": 15, ""n_estimators"": 400, ""learning_rate"": 0.03}}"
8,4,sub-046,1,0.17665,0.77435,0.04900,116,"{""spectral_lr"": {""C"": 0.0001}, ""riemann_ts_lr"": {""C"": 0.0001}, ""all_lgbm"": {""num_leaves"": 15, ""n_estimators"": 400, ""learning_rate"": 0.03}}"
8,4,sub-054,1,0.22809,0.64977,0.12214,125,"{""spectral_lr"": {""C"": 0.0001}, ""riemann_ts_lr"": {""C"": 0.0001}, ""all_lgbm"": {""num_leaves"": 15, ""n_estimators"": 400, ""learning_rate"": 0.03}}"
8,4,sub-057,1,0.10050,0.73846,0.16104,146,"{""spectral_lr"": {""C"": 0.0001}, ""riemann_ts_lr"": {""C"": 0.0001}, ""all_lgbm"": {""num_leaves"": 15, ""n_estimators"": 400, ""learning_rate"": 0.03}}"
8,4,sub-058,1,0.03579,0.88188,0.08234,123,"{""spectral_lr"": {""C"": 0.0001}, ""riemann_ts_lr"": {""C"": 0.0001}, ""all_lgbm"": {""num_leaves"": 15, ""n_estimators"": 400, ""learning_rate"": 0.03}}"
8,4,sub-063,1,0.26378,0.50498,0.23124,140,"{""spectral_lr"": {""C"": 0.0001}, ""riemann_ts_lr"": {""C"": 0.0001}, ""all_lgbm"": {""num_leaves"": 15, ""n_estimators"": 400, ""learning_rate"": 0.03}}"
8,4,sub-069,2,0.79093,0.04040,0.16867,108,"{""spectral_lr"": {""C"": 0.0001}, ""riemann_ts_lr"": {""C"": 0.0001}, ""all_lgbm"": {""num_leaves"": 15, ""n_estimators"": 400, ""learning_rate"": 0.03}}"
8,4,sub-070,2,0.51199,0.22475,0.26325,82,"{""spectral_lr"": {""C"": 0.0001}, ""riemann_ts_lr"": {""C"": 0.0001}, ""all_lgbm"": {""num_leaves"": 15, ""n_estimators"": 400, ""learning_rate"": 0.03}}"
8,4,sub-080,2,0.07182,0.89723,0.03094,151,"{""spectral_lr"": {""C"": 0.0001}, ""riemann_ts_lr"": {""C"": 0.0001}, ""all_lgbm"": {""num_leaves"": 15, ""n_estimators"": 400, ""learning_rate"": 0.03}}"
8,4,sub-087,2,0.51398,0.10851,0.37750,99,"{""spectral_lr"": {""C"": 0.0001}, ""riemann_ts_lr"": {""C"": 0.0001}, ""all_lgbm"": {""num_leaves"": 15, ""n_estimators"": 400, ""learning_rate"": 0.03}}"
9,0,sub-012,0,0.09325,0.64217,0.26458,152,"{""spectral_lr"": {""C"": 0.0001}, ""riemann_ts_lr"": {""C"": 0.0001}, ""all_lgbm"": {""num_leaves"": 7, ""n_estimators"": 200}}"
9,0,sub-013,0,0.69913,0.06015,0.24072,151,"{""spectral_lr"": {""C"": 0.0001}, ""riemann_ts_lr"": {""C"": 0.0001}, ""all_lgbm"": {""num_leaves"": 7, ""n_estimators"": 200}}"
9,0,sub-015,0,0.45062,0.43884,0.11054,143,"{""spectral_lr"": {""C"": 0.0001}, ""riemann_ts_lr"": {""C"": 0.0001}, ""all_lgbm"": {""num_leaves"": 7, ""n_estimators"": 200}}"
9,0,sub-016,0,0.78102,0.06250,0.15649,164,"{""spectral_lr"": {""C"": 0.0001}, ""riemann_ts_lr"": {""C"": 0.0001}, ""all_lgbm"": {""num_leaves"": 7, ""n_estimators"": 200}}"
9,0,sub-019,0,0.14251,0.36782,0.48967,161,"{""spectral_lr"": {""C"": 0.0001}, ""riemann_ts_lr"": {""C"": 0.0001}, ""all_lgbm"": {""num_leaves"": 7, ""n_estimators"": 200}}"
9,0,sub-021,0,0.22840,0.27804,0.49356,156,"{""spectral_lr"": {""C"": 0.0001}, ""riemann_ts_lr"": {""C"": 0.0001}, ""all_lgbm"": {""num_leaves"": 7, ""n_estimators"": 200}}"
9,0,sub-033,0,0.40559,0.28392,0.31048,128,"{""spectral_lr"": {""C"": 0.0001}, ""riemann_ts_lr"": {""C"": 0.0001}, ""all_lgbm"": {""num_leaves"": 7, ""n_estimators"": 200}}"
9,0,sub-035,0,0.63260,0.03632,0.33108,109,"{""spectral_lr"": {""C"": 0.0001}, ""riemann_ts_lr"": {""C"": 0.0001}, ""all_lgbm"": {""num_leaves"": 7, ""n_estimators"": 200}}"
9,0,sub-045,1,0.34847,0.50395,0.14758,127,"{""spectral_lr"": {""C"": 0.0001}, ""riemann_ts_lr"": {""C"": 0.0001}, ""all_lgbm"": {""num_leaves"": 7, ""n_estimators"": 200}}"
9,0,sub-048,1,0.09219,0.86912,0.03869,162,"{""spectral_lr"": {""C"": 0.0001}, ""riemann_ts_lr"": {""C"": 0.0001}, ""all_lgbm"": {""num_leaves"": 7, ""n_estimators"": 200}}"
9,0,sub-051,1,0.08797,0.84266,0.06937,115,"{""spectral_lr"": {""C"": 0.0001}, ""riemann_ts_lr"": {""C"": 0.0001}, ""all_lgbm"": {""num_leaves"": 7, ""n_estimators"": 200}}"
9,0,sub-059,1,0.14761,0.59077,0.26162,141,"{""spectral_lr"": {""C"": 0.0001}, ""riemann_ts_lr"": {""C"": 0.0001}, ""all_lgbm"": {""num_leaves"": 7, ""n_estimators"": 200}}"
9,0,sub-062,1,0.14612,0.69399,0.15989,146,"{""spectral_lr"": {""C"": 0.0001}, ""riemann_ts_lr"": {""C"": 0.0001}, ""all_lgbm"": {""num_leaves"": 7, ""n_estimators"": 200}}"
9,0,sub-075,2,0.25406,0.18065,0.56529,127,"{""spectral_lr"": {""C"": 0.0001}, ""riemann_ts_lr"": {""C"": 0.0001}, ""all_lgbm"": {""num_leaves"": 7, ""n_estimators"": 200}}"
9,0,sub-078,2,0.13103,0.40808,0.46089,150,"{""spectral_lr"": {""C"": 0.0001}, ""riemann_ts_lr"": {""C"": 0.0001}, ""all_lgbm"": {""num_leaves"": 7, ""n_estimators"": 200}}"
9,0,sub-082,2,0.21739,0.49498,0.28763,137,"{""spectral_lr"": {""C"": 0.0001}, ""riemann_ts_lr"": {""C"": 0.0001}, ""all_lgbm"": {""num_leaves"": 7, ""n_estimators"": 200}}"
9,0,sub-085,2,0.74700,0.02140,0.23160,91,"{""spectral_lr"": {""C"": 0.0001}, ""riemann_ts_lr"": {""C"": 0.0001}, ""all_lgbm"": {""num_leaves"": 7, ""n_estimators"": 200}}"
9,0,sub-088,2,0.35239,0.44366,0.20395,132,"{""spectral_lr"": {""C"": 0.0001}, ""riemann_ts_lr"": {""C"": 0.0001}, ""all_lgbm"": {""num_leaves"": 7, ""n_estimators"": 200}}"
9,1,sub-004,0,0.97378,0.00024,0.02599,120,"{""spectral_lr"": {""C"": 1.0}, ""riemann_ts_lr"": {""C"": 0.0001}, ""all_lgbm"": {""num_leaves"": 15, ""n_estimators"": 400, ""learning_rate"": 0.03}}"
9,1,sub-006,0,0.00120,0.98238,0.01642,106,"{""spectral_lr"": {""C"": 1.0}, ""riemann_ts_lr"": {""C"": 0.0001}, ""all_lgbm"": {""num_leaves"": 15, ""n_estimators"": 400, ""learning_rate"": 0.03}}"
9,1,sub-010,0,0.09394,0.67352,0.23254,225,"{""spectral_lr"": {""C"": 1.0}, ""riemann_ts_lr"": {""C"": 0.0001}, ""all_lgbm"": {""num_leaves"": 15, ""n_estimators"": 400, ""learning_rate"": 0.03}}"
9,1,sub-025,0,0.00443,0.98038,0.01519,106,"{""spectral_lr"": {""C"": 1.0}, ""riemann_ts_lr"": {""C"": 0.0001}, ""all_lgbm"": {""num_leaves"": 15, ""n_estimators"": 400, ""learning_rate"": 0.03}}"
9,1,sub-031,0,0.30610,0.47951,0.21439,183,"{""spectral_lr"": {""C"": 1.0}, ""riemann_ts_lr"": {""C"": 0.0001}, ""all_lgbm"": {""num_leaves"": 15, ""n_estimators"": 400, ""learning_rate"": 0.03}}"
9,1,sub-032,0,0.99773,0.00054,0.00173,96,"{""spectral_lr"": {""C"": 1.0}, ""riemann_ts_lr"": {""C"": 0.0001}, ""all_lgbm"": {""num_leaves"": 15, ""n_estimators"": 400, ""learning_rate"": 0.03}}"
9,1,sub-036,0,0.01444,0.96891,0.01665,143,"{""spectral_lr"": {""C"": 1.0}, ""riemann_ts_lr"": {""C"": 0.0001}, ""all_lgbm"": {""num_leaves"": 15, ""n_estimators"": 400, ""learning_rate"": 0.03}}"
9,1,sub-042,1,0.00047,0.99885,0.00067,167,"{""spectral_lr"": {""C"": 1.0}, ""riemann_ts_lr"": {""C"": 0.0001}, ""all_lgbm"": {""num_leaves"": 15, ""n_estimators"": 400, ""learning_rate"": 0.03}}"
9,1,sub-043,1,0.00947,0.60079,0.38974,152,"{""spectral_lr"": {""C"": 1.0}, ""riemann_ts_lr"": {""C"": 0.0001}, ""all_lgbm"": {""num_leaves"": 15, ""n_estimators"": 400, ""learning_rate"": 0.03}}"
9,1,sub-053,1,0.17411,0.81869,0.00720,106,"{""spectral_lr"": {""C"": 1.0}, ""riemann_ts_lr"": {""C"": 0.0001}, ""all_lgbm"": {""num_leaves"": 15, ""n_estimators"": 400, ""learning_rate"": 0.03}}"
9,1,sub-054,1,0.02846,0.77240,0.19914,125,"{""spectral_lr"": {""C"": 1.0}, ""riemann_ts_lr"": {""C"": 0.0001}, ""all_lgbm"": {""num_leaves"": 15, ""n_estimators"": 400, ""learning_rate"": 0.03}}"
9,1,sub-057,1,0.06528,0.89683,0.03789,146,"{""spectral_lr"": {""C"": 1.0}, ""riemann_ts_lr"": {""C"": 0.0001}, ""all_lgbm"": {""num_leaves"": 15, ""n_estimators"": 400, ""learning_rate"": 0.03}}"
9,1,sub-060,1,0.00078,0.99716,0.00206,126,"{""spectral_lr"": {""C"": 1.0}, ""riemann_ts_lr"": {""C"": 0.0001}, ""all_lgbm"": {""num_leaves"": 15, ""n_estimators"": 400, ""learning_rate"": 0.03}}"
9,1,sub-072,2,0.83060,0.00021,0.16919,108,"{""spectral_lr"": {""C"": 1.0}, ""riemann_ts_lr"": {""C"": 0.0001}, ""all_lgbm"": {""num_leaves"": 15, ""n_estimators"": 400, ""learning_rate"": 0.03}}"
9,1,sub-077,2,0.17692,0.55836,0.26472,114,"{""spectral_lr"": {""C"": 1.0}, ""riemann_ts_lr"": {""C"": 0.0001}, ""all_lgbm"": {""num_leaves"": 15, ""n_estimators"": 400, ""learning_rate"": 0.03}}"
9,1,sub-079,2,0.25009,0.52400,0.22591,135,"{""spectral_lr"": {""C"": 1.0}, ""riemann_ts_lr"": {""C"": 0.0001}, ""all_lgbm"": {""num_leaves"": 15, ""n_estimators"": 400, ""learning_rate"": 0.03}}"
9,1,sub-080,2,0.00065,0.99906,0.00029,151,"{""spectral_lr"": {""C"": 1.0}, ""riemann_ts_lr"": {""C"": 0.0001}, ""all_lgbm"": {""num_leaves"": 15, ""n_estimators"": 400, ""learning_rate"": 0.03}}"
9,1,sub-086,2,0.05349,0.90842,0.03809,40,"{""spectral_lr"": {""C"": 1.0}, ""riemann_ts_lr"": {""C"": 0.0001}, ""all_lgbm"": {""num_leaves"": 15, ""n_estimators"": 400, ""learning_rate"": 0.03}}"
9,2,sub-002,0,0.52937,0.01122,0.45941,139,"{""spectral_lr"": {""C"": 0.01}, ""riemann_ts_lr"": {""C"": 0.1}, ""all_lgbm"": {""num_leaves"": 7, ""n_estimators"": 200}}"
9,2,sub-005,0,0.92019,0.06526,0.01455,145,"{""spectral_lr"": {""C"": 0.01}, ""riemann_ts_lr"": {""C"": 0.1}, ""all_lgbm"": {""num_leaves"": 7, ""n_estimators"": 200}}"
9,2,sub-008,0,0.88168,0.00561,0.11270,138,"{""spectral_lr"": {""C"": 0.01}, ""riemann_ts_lr"": {""C"": 0.1}, ""all_lgbm"": {""num_leaves"": 7, ""n_estimators"": 200}}"
9,2,sub-017,0,0.83656,0.00063,0.16281,137,"{""spectral_lr"": {""C"": 0.01}, ""riemann_ts_lr"": {""C"": 0.1}, ""all_lgbm"": {""num_leaves"": 7, ""n_estimators"": 200}}"
9,2,sub-020,0,0.94180,0.02073,0.03747,160,"{""spectral_lr"": {""C"": 0.01}, ""riemann_ts_lr"": {""C"": 0.1}, ""all_lgbm"": {""num_leaves"": 7, ""n_estimators"": 200}}"
9,2,sub-028,0,0.98897,0.00035,0.01068,131,"{""spectral_lr"": {""C"": 0.01}, ""riemann_ts_lr"": {""C"": 0.1}, ""all_lgbm"": {""num_leaves"": 7, ""n_estimators"": 200}}"
9,2,sub-030,0,0.99339,0.00464,0.00197,88,"{""spectral_lr"": {""C"": 0.01}, ""riemann_ts_lr"": {""C"": 0.1}, ""all_lgbm"": {""num_leaves"": 7, ""n_estimators"": 200}}"
9,2,sub-037,1,0.52773,0.42209,0.05019,140,"{""spectral_lr"": {""C"": 0.01}, ""riemann_ts_lr"": {""C"": 0.1}, ""all_lgbm"": {""num_leaves"": 7, ""n_estimators"": 200}}"
9,2,sub-041,1,0.00222,0.99771,0.00007,164,"{""spectral_lr"": {""C"": 0.01}, ""riemann_ts_lr"": {""C"": 0.1}, ""all_lgbm"": {""num_leaves"": 7, ""n_estimators"": 200}}"
9,2,sub-044,1,0.06247,0.93262,0.00491,163,"{""spectral_lr"": {""C"": 0.01}, ""riemann_ts_lr"": {""C"": 0.1}, ""all_lgbm"": {""num_leaves"": 7, ""n_estimators"": 200}}"
9,2,sub-050,1,0.10873,0.79206,0.09922,141,"{""spectral_lr"": {""C"": 0.01}, ""riemann_ts_lr"": {""C"": 0.1}, ""all_lgbm"": {""num_leaves"": 7, ""n_estimators"": 200}}"
9,2,sub-052,1,0.16559,0.76133,0.07308,133,"{""spectral_lr"": {""C"": 0.01}, ""riemann_ts_lr"": {""C"": 0.1}, ""all_lgbm"": {""num_leaves"": 7, ""n_estimators"": 200}}"
9,2,sub-056,1,0.13360,0.60326,0.26314,96,"{""spectral_lr"": {""C"": 0.01}, ""riemann_ts_lr"": {""C"": 0.1}, ""all_lgbm"": {""num_leaves"": 7, ""n_estimators"": 200}}"
9,2,sub-066,2,0.76775,0.00970,0.22255,93,"{""spectral_lr"": {""C"": 0.01}, ""riemann_ts_lr"": {""C"": 0.1}, ""all_lgbm"": {""num_leaves"": 7, ""n_estimators"": 200}}"
9,2,sub-073,2,0.03964,0.62881,0.33155,143,"{""spectral_lr"": {""C"": 0.01}, ""riemann_ts_lr"": {""C"": 0.1}, ""all_lgbm"": {""num_leaves"": 7, ""n_estimators"": 200}}"
9,2,sub-076,2,0.95475,0.04448,0.00077,148,"{""spectral_lr"": {""C"": 0.01}, ""riemann_ts_lr"": {""C"": 0.1}, ""all_lgbm"": {""num_leaves"": 7, ""n_estimators"": 200}}"
9,2,sub-083,2,0.07231,0.06578,0.86191,158,"{""spectral_lr"": {""C"": 0.01}, ""riemann_ts_lr"": {""C"": 0.1}, ""all_lgbm"": {""num_leaves"": 7, ""n_estimators"": 200}}"
9,2,sub-087,2,0.76411,0.01768,0.21820,99,"{""spectral_lr"": {""C"": 0.01}, ""riemann_ts_lr"": {""C"": 0.1}, ""all_lgbm"": {""num_leaves"": 7, ""n_estimators"": 200}}"
9,3,sub-007,0,0.79453,0.00451,0.20097,134,"{""spectral_lr"": {""C"": 0.001}, ""riemann_ts_lr"": {""C"": 0.001}, ""all_lgbm"": {""num_leaves"": 15, ""n_estimators"": 400, ""learning_rate"": 0.03}}"
9,3,sub-014,0,0.86374,0.01510,0.12116,157,"{""spectral_lr"": {""C"": 0.001}, ""riemann_ts_lr"": {""C"": 0.001}, ""all_lgbm"": {""num_leaves"": 15, ""n_estimators"": 400, ""learning_rate"": 0.03}}"
9,3,sub-018,0,0.91451,0.01612,0.06937,146,"{""spectral_lr"": {""C"": 0.001}, ""riemann_ts_lr"": {""C"": 0.001}, ""all_lgbm"": {""num_leaves"": 15, ""n_estimators"": 400, ""learning_rate"": 0.03}}"
9,3,sub-022,0,0.45214,0.01208,0.53578,146,"{""spectral_lr"": {""C"": 0.001}, ""riemann_ts_lr"": {""C"": 0.001}, ""all_lgbm"": {""num_leaves"": 15, ""n_estimators"": 400, ""learning_rate"": 0.03}}"
9,3,sub-023,0,0.85701,0.10283,0.04016,120,"{""spectral_lr"": {""C"": 0.001}, ""riemann_ts_lr"": {""C"": 0.001}, ""all_lgbm"": {""num_leaves"": 15, ""n_estimators"": 400, ""learning_rate"": 0.03}}"
9,3,sub-024,0,0.97691,0.00764,0.01545,124,"{""spectral_lr"": {""C"": 0.001}, ""riemann_ts_lr"": {""C"": 0.001}, ""all_lgbm"": {""num_leaves"": 15, ""n_estimators"": 400, ""learning_rate"": 0.03}}"
9,3,sub-029,0,0.97963,0.00131,0.01905,122,"{""spectral_lr"": {""C"": 0.001}, ""riemann_ts_lr"": {""C"": 0.001}, ""all_lgbm"": {""num_leaves"": 15, ""n_estimators"": 400, ""learning_rate"": 0.03}}"
9,3,sub-039,1,0.06710,0.92512,0.00778,141,"{""spectral_lr"": {""C"": 0.001}, ""riemann_ts_lr"": {""C"": 0.001}, ""all_lgbm"": {""num_leaves"": 15, ""n_estimators"": 400, ""learning_rate"": 0.03}}"
9,3,sub-040,1,0.13666,0.77500,0.08834,132,"{""spectral_lr"": {""C"": 0.001}, ""riemann_ts_lr"": {""C"": 0.001}, ""all_lgbm"": {""num_leaves"": 15, ""n_estimators"": 400, ""learning_rate"": 0.03}}"
9,3,sub-046,1,0.14679,0.79713,0.05608,116,"{""spectral_lr"": {""C"": 0.001}, ""riemann_ts_lr"": {""C"": 0.001}, ""all_lgbm"": {""num_leaves"": 15, ""n_estimators"": 400, ""learning_rate"": 0.03}}"
9,3,sub-049,1,0.00618,0.98727,0.00655,131,"{""spectral_lr"": {""C"": 0.001}, ""riemann_ts_lr"": {""C"": 0.001}, ""all_lgbm"": {""num_leaves"": 15, ""n_estimators"": 400, ""learning_rate"": 0.03}}"
9,3,sub-055,1,0.04812,0.87642,0.07546,140,"{""spectral_lr"": {""C"": 0.001}, ""riemann_ts_lr"": {""C"": 0.001}, ""all_lgbm"": {""num_leaves"": 15, ""n_estimators"": 400, ""learning_rate"": 0.03}}"
9,3,sub-065,1,0.11369,0.59091,0.29540,163,"{""spectral_lr"": {""C"": 0.001}, ""riemann_ts_lr"": {""C"": 0.001}, ""all_lgbm"": {""num_leaves"": 15, ""n_estimators"": 400, ""learning_rate"": 0.03}}"
9,3,sub-070,2,0.58271,0.22987,0.18742,82,"{""spectral_lr"": {""C"": 0.001}, ""riemann_ts_lr"": {""C"": 0.001}, ""all_lgbm"": {""num_leaves"": 15, ""n_estimators"": 400, ""learning_rate"": 0.03}}"
9,3,sub-071,2,0.27803,0.59066,0.13131,106,"{""spectral_lr"": {""C"": 0.001}, ""riemann_ts_lr"": {""C"": 0.001}, ""all_lgbm"": {""num_leaves"": 15, ""n_estimators"": 400, ""learning_rate"": 0.03}}"
9,3,sub-074,2,0.22210,0.17287,0.60503,165,"{""spectral_lr"": {""C"": 0.001}, ""riemann_ts_lr"": {""C"": 0.001}, ""all_lgbm"": {""num_leaves"": 15, ""n_estimators"": 400, ""learning_rate"": 0.03}}"
9,3,sub-081,2,0.96000,0.01114,0.02886,142,"{""spectral_lr"": {""C"": 0.001}, ""riemann_ts_lr"": {""C"": 0.001}, ""all_lgbm"": {""num_leaves"": 15, ""n_estimators"": 400, ""learning_rate"": 0.03}}"
9,4,sub-001,0,0.17353,0.00280,0.82366,100,"{""spectral_lr"": {""C"": 1.0}, ""riemann_ts_lr"": {""C"": 0.001}, ""all_lgbm"": {""num_leaves"": 7, ""n_estimators"": 200}}"
9,4,sub-003,0,0.16835,0.03163,0.80002,47,"{""spectral_lr"": {""C"": 1.0}, ""riemann_ts_lr"": {""C"": 0.001}, ""all_lgbm"": {""num_leaves"": 7, ""n_estimators"": 200}}"
9,4,sub-009,0,0.49068,0.06144,0.44788,106,"{""spectral_lr"": {""C"": 1.0}, ""riemann_ts_lr"": {""C"": 0.001}, ""all_lgbm"": {""num_leaves"": 7, ""n_estimators"": 200}}"
9,4,sub-011,0,0.04377,0.01516,0.94107,120,"{""spectral_lr"": {""C"": 1.0}, ""riemann_ts_lr"": {""C"": 0.001}, ""all_lgbm"": {""num_leaves"": 7, ""n_estimators"": 200}}"
9,4,sub-026,0,0.99781,0.00147,0.00072,138,"{""spectral_lr"": {""C"": 1.0}, ""riemann_ts_lr"": {""C"": 0.001}, ""all_lgbm"": {""num_leaves"": 7, ""n_estimators"": 200}}"
9,4,sub-027,0,0.99224,0.00012,0.00764,145,"{""spectral_lr"": {""C"": 1.0}, ""riemann_ts_lr"": {""C"": 0.001}, ""all_lgbm"": {""num_leaves"": 7, ""n_estimators"": 200}}"
9,4,sub-034,0,0.96779,0.00094,0.03128,166,"{""spectral_lr"": {""C"": 1.0}, ""riemann_ts_lr"": {""C"": 0.001}, ""all_lgbm"": {""num_leaves"": 7, ""n_estimators"": 200}}"
9,4,sub-038,1,0.06601,0.93228,0.00171,150,"{""spectral_lr"": {""C"": 1.0}, ""riemann_ts_lr"": {""C"": 0.001}, ""all_lgbm"": {""num_leaves"": 7, ""n_estimators"": 200}}"
9,4,sub-047,1,0.01141,0.89353,0.09506,145,"{""spectral_lr"": {""C"": 1.0}, ""riemann_ts_lr"": {""C"": 0.001}, ""all_lgbm"": {""num_leaves"": 7, ""n_estimators"": 200}}"
9,4,sub-058,1,0.01844,0.94133,0.04023,123,"{""spectral_lr"": {""C"": 1.0}, ""riemann_ts_lr"": {""C"": 0.001}, ""all_lgbm"": {""num_leaves"": 7, ""n_estimators"": 200}}"
9,4,sub-061,1,0.01549,0.00293,0.98158,130,"{""spectral_lr"": {""C"": 1.0}, ""riemann_ts_lr"": {""C"": 0.001}, ""all_lgbm"": {""num_leaves"": 7, ""n_estimators"": 200}}"
9,4,sub-063,1,0.14368,0.75726,0.09907,140,"{""spectral_lr"": {""C"": 1.0}, ""riemann_ts_lr"": {""C"": 0.001}, ""all_lgbm"": {""num_leaves"": 7, ""n_estimators"": 200}}"
9,4,sub-064,1,0.00235,0.99694,0.00072,151,"{""spectral_lr"": {""C"": 1.0}, ""riemann_ts_lr"": {""C"": 0.001}, ""all_lgbm"": {""num_leaves"": 7, ""n_estimators"": 200}}"
9,4,sub-067,2,0.30471,0.00671,0.68858,112,"{""spectral_lr"": {""C"": 1.0}, ""riemann_ts_lr"": {""C"": 0.001}, ""all_lgbm"": {""num_leaves"": 7, ""n_estimators"": 200}}"
9,4,sub-068,2,0.63764,0.05721,0.30515,94,"{""spectral_lr"": {""C"": 1.0}, ""riemann_ts_lr"": {""C"": 0.001}, ""all_lgbm"": {""num_leaves"": 7, ""n_estimators"": 200}}"
9,4,sub-069,2,0.97611,0.00672,0.01717,108,"{""spectral_lr"": {""C"": 1.0}, ""riemann_ts_lr"": {""C"": 0.001}, ""all_lgbm"": {""num_leaves"": 7, ""n_estimators"": 200}}"
9,4,sub-084,2,0.97189,0.00064,0.02746,117,"{""spectral_lr"": {""C"": 1.0}, ""riemann_ts_lr"": {""C"": 0.001}, ""all_lgbm"": {""num_leaves"": 7, ""n_estimators"": 200}}"
